Name,GUID
Abaddon,bf33c2ae-7843-49cd-9a2e-27123a3753b9
Abyssal Binding,4199ec3c-e6fa-4be5-abae-25389b55edd4
Abyssal Chain,7618d6fd-3268-47ce-af1e-71e31ecb7e76
Abyssal Pearl,d09f42e0-f178-40df-9f39-8e98b7931bed
Abyssal Shield,762f720e-cd71-4ed5-82a3-3d72f154a359
Abyssal Staff,2bbbb4b8-76f1-428f-8297-dc6a92fbf373
Adamant Band,b7191d05-aedb-414f-b8a3-4e02aba96742
Adamant Chain,410827e9-6ee7-475c-a345-06703e2a9787
Adamant Fragments,f3263f4e-789f-44c3-9606-5f7d580be10b
Adamant Helm,b4745f4a-2c7f-4347-855c-52dcb0618f53
Adamant Platemail,529c832f-ef04-44e1-875f-4707c08b65c4
Amber,0b14de73-f229-4581-bf74-724003348cd2
Amber Necklace,6b222fef-8766-4edb-b210-0091800e7a4c
Amber Ring,0b92cbd6-8583-4afe-badd-08c7b0894b77
Amulet of Alacrity,85b9fbd8-d703-43df-9046-e65a9e3e015c
Amulet of Brilliance,14773b08-c646-4bf3-839c-10002cb45410
Amulet of Power,cf45dde4-bdb1-43e4-a0d1-2747718cd941
Amulet of Vision,577e48a9-7233-4c17-8e87-be413b235564
Ancient Staff,b4eb38bd-dd99-4302-9c87-e6ff727ef72a
Ancient Sword,e2fb1e3f-d9e1-4314-bd0d-5d61fcd2fb5f
Anglerfish,2929f176-8a96-4e55-9301-abd3220374c2
Animal Furs,6cd368cc-8819-4e18-a7ee-cf3cc79e6d1d
Animal Hide,f5fde924-f75c-4624-9073-9546094a8087
Anthulk Shell,8f569cc5-fab8-4443-a821-4bc270d874d3
Antidote,26815742-019e-4012-9f89-424efd17a974
Apocalypse,7441227a-e26f-4fbb-8aa6-e298f6f0510f
Aquamarine,a09df2df-cf43-40f6-b282-082a9377b3a1
Arcane Axolotl,97672a8b-c5dd-4e04-810b-9250d0a4b915
Arcane Pillar,bfcfda64-cc03-4c1f-80f9-bd668faff2a0
Arcane Robes,0890c75e-1ea7-472d-990d-27b08f4fa31a
Arcane Sceptre,f4330e91-a25b-48db-bcf6-6e409330887b
Arcane Veil,2edd6abc-9eed-4f5e-af27-7c2d1fa1d4d6
Archer's Cap,7add926d-85e0-4ae7-8cf1-05708360b167
Archer's Garb,73335931-edb3-435e-8b68-fa3b31df3d83
Arena Plate,4aecc235-f919-4bd9-b11a-cb0fd6eaba70
Artic Fox Fur,ff471be6-bf69-4e02-8ee8-c12850724612
Ashroot,ade95692-d435-4382-bb1a-14a8c2a3930c
Ashweed,1538fe77-2a27-4048-90f7-f46e0541ce18
Assassin's Edge,3453f694-8e51-478d-a1bc-8600052b071a
Assassin's Garb,79e1f0fc-2766-42f1-8436-8076ee1b9b12
Assassin's Mask,deaaf53a-546d-44e4-8819-65aafdaef284
Assistant's Attire,dd7eba00-cfeb-496b-a21c-0c11d0bf09a2
Assistant's Cap,46a850f1-0580-4dbd-9954-941815c10a06
Azure Crab,38368777-3c75-4feb-99bc-5bdc6b056b05
Azurite Crystal,d2e5b2fd-b0df-4baf-a621-caaececaa6c7
Bagh nakha,c1f1075c-c2bf-4500-87d3-35ee8a670de7
Band of Blades,ba2a65cf-3ae3-45bd-9e23-f61fa508ef6d
Band of Freedom,d0e6057c-a372-48ca-b5f0-8c6a855487ff
Barbute,9ccc01b4-b43c-41bf-8dc7-015c374447c4
Battered Heater,ed52cf70-dc25-45eb-9b99-a4910ed64c35
Battle Hammer,b834cf42-28d9-45ff-853c-ef0fae3db032
Bear Charm,16db9cce-c21b-4303-9163-f6487fa6a89e
Bear Claw,577c048f-733c-4762-850f-27d415f3b563
Beatin' stick,93c0a514-8536-44c0-bda6-f4ce060bb4de
Bedlam Burner,f5cf4baa-f83c-4216-b54b-ab9a08f77584
Bent Rod,7955af18-06c8-4200-8ee9-78c575f7a99d
Bewitched Bones,4970573b-c142-4f3e-a99f-eec05deda2cb
Big Bag of Voodoo,4d4e518a-06d3-4fed-ac8f-57da14cdc9aa
Big Game Hunter,28fd2094-1682-4e47-84b9-f486a9503c4b
Bioluminescence Gland,76c2b901-ffc8-4879-94c0-798434abb63d
Bishop Staff,82097ee5-2740-4924-8328-785672c12615
Black Belt,c7f1ce4b-81ac-4c1f-b86a-d1bea957f750
Black Crusade,2dde6a57-f77e-488b-902d-52161d659ed6
Black Dragon Eye,8ee67fec-9506-4b46-bec8-fb2d8b5b3f21
Black Dragon Scale,1285393b-491a-4703-a5df-a03008b6b346
Black Opal,5e9ea612-b734-4be3-8d19-0fe8581d55a5
Black Sapphire,d6f9c8c8-b1fc-4e5f-9183-bf52afc605e1
Blackguard,176be84e-ed3c-44ea-b584-775427296cab
Blackguard Casque,e9ac2c64-7154-4670-a990-a826de2a322b
Blackguard Chainmail,d041c0fc-ad3b-41ce-be62-7eeb3137c98a
Blade Fist,dd1b3fcc-8561-4653-9459-ff692b8089da
Bladed Buckler,6b8a65d5-4c05-4429-9570-6dded13ce7f9
Bladed Great Helm,983e2110-a81d-40e1-b671-b6f1cd7d6833
Bladed Helm,ce3577b8-3cf2-4a67-844a-b8ef51d086b7
Bladed Mail,83533590-ce07-4a16-a920-b795826d9d3d
Bleeding Band,5315dfad-5620-45af-8b0a-dd39d4e980b0
Blessed Locket,668696f7-e6a1-4760-9757-45bb0a59bc31
Blighted Band,bdda71bd-820e-4956-84fa-4ab72aba2500
Blood Berry,58702e40-64f7-458b-a09e-f834664237bc
Blood Mask,f2e0e37e-0290-434b-892c-6137fcf47c7d
Blood Mask Tunic,955cc3f7-0318-449d-bfe2-8d8895dfbd8a
Blood Runed Cleaver,76ec55f7-18e0-45f2-a62d-07217ec77656
Bloodletter,8962e598-194b-4953-b522-813e95e58298
Blue Dragon Eye,aac8e9c8-5833-45b4-b990-00a46bc59b58
Blue Dragon Scale,ee3a1ec9-22ca-4e8c-8175-0ac1da438423
Blue Drake Scale,eb55027e-7408-418e-a033-e3210e0acae1
Blunderbuss,024c0b5c-be1b-412c-a4e2-4736f7eff3e6
Boar Charm,d48f01c4-f602-4f32-99ef-93683b6c8972
Boarding Axe,ef1e68f2-e4f7-4958-bd07-d87b4d7174cc
Bone Cleaver,c4759605-bf39-4d93-ad81-14c5a6904e4e
Bone Dust,a40a2c40-576b-4e68-9ebf-264055e4aa39
Bone Jester Jacket,205d3091-850a-43bf-ae4a-d5a8859364d4
Bone Jester Mask,26b917a2-2c1c-4dfe-83c6-3cd07249f763
Bone Ring,6735958b-c8e2-4f4b-8261-e07a0e9c4f1e
Bone Shard,9f1a366f-1321-40eb-afb6-52b47edd88dc
Bone Shiv,a0322938-bf9a-4186-bd04-ad45649c7ac1
Boot Blade,51e7b9f9-447a-429c-a515-a33f9b7f0525
Bottled Anger,5585cddc-b4fe-4da9-b567-f19da1165130
Bottled Fury,a0d0e1f2-2a09-4e98-96c6-48e5dec0b70a
Bottled Irritation,8ef75772-9eb0-48b7-9292-7bddf3b7e573
Bottled Rage,b3b35eb1-6777-4b44-b7c8-7a7e3c01b543
Bottled Wrath,34de72ec-380f-4f14-95d2-305a062f7c8f
Bowie Knife,ef32897b-5b8f-4282-ac97-e0a7d55f2f67
Brass Chain,c0fd6fc4-799e-4ec4-84fe-d02000664860
Brass Knuckles,5edb4a2b-13b8-426e-88f1-8d7d44313ec5
Brass Loop,fc9aafc3-bdc3-4f22-86de-388d9d089584
Breastplate,1f6d3ea2-5d5f-49ef-8afa-3f4829b413b3
Bristlethorn,44bae90c-94d4-4af4-8ac6-8681c994e234
Broadsword,5dd85cb6-baa9-470a-8f45-0702061c863b
Broken Blade,9fdd0bb3-e160-4e84-84ac-57a1072e8c1f
Broken Sword,34a09449-3ab3-4793-b72f-26809f704eac
Bronze Pendant,850767a0-149c-4ce6-9cf8-3a4236057390
Bronze Ring,8bb77c52-d62d-4eb0-be52-5c611064e3fe
Burning Core,30ab083a-4665-4e70-833f-13e8e71b8fd2
Cactusblossom,c19b2197-594e-441b-a9e1-cd06c4ec012e
Canary Chapeau,3784daab-75e8-4046-bfd8-ab3e5aaaf126
Canary Coat,352e9ddc-4370-4b25-b72a-371b28c02a70
Canary Feathered Beret,070f2117-941b-417e-bafb-471eacf02340
Canary Tunic,62541c99-eaef-41cd-a55c-99b50473c712
Candy Leaf,aaf64124-119c-4637-a8e3-edba2f741674
Captain's Sidearm,c61e451f-f554-45e9-a008-5383ca2ea977
Ceremonial Spear,a01aec40-aca4-411a-a25e-72bbdd993b6b
Cestus,6c3f9d31-4dfb-4837-b987-b41f271b08d4
Chain Coif,ea90d300-65ab-4d1f-9f96-7d4a3b76d3f2
Chain Helm,0a30deac-808a-470e-8d91-a120b5d09121
Chain Mail,adf2d21b-615e-4c7b-bd7d-aec23c1da1ac
Challenger's Garb,2dff5d19-0936-4dcf-a589-edeadd0500d2
Champion Blade,6d7650ea-3082-459e-afad-2c6fa079c986
Champion's Garb,3170788c-147a-4926-9477-913f822bffcb
Chitin Shield,cd11e5e3-eb23-4bab-b8b7-3833025bc803
Chromatic Koi,f5747518-358e-464b-b682-21c686036cfe
Chromatic Tonic,96c7768b-de4b-4ef7-8049-18ffbd09af1b
Claw of Kuvonn,dcda7804-59ca-43b8-8dc8-0fcbe5634755
Cleric's Garb,6e2c018e-f425-4735-a7d7-5c48c83c59fd
Cleric's Hammer,baa7c324-73b6-4d3d-88b1-030dad4d7407
Coach Gun,ee2bbcac-5868-4a87-bb54-2a6151b48371
Cold Steel Axe,afe53537-14ac-41b3-8435-5669a97d854b
Coldsteel Vanquisher,ef460452-7cd2-4ba4-b2cc-3f206398cf6f
Competitor's Garb,1fde985d-9226-4176-b460-cd7acaaa6dbe
Composite Longbow,a820ce65-1fe6-4835-9846-d55d2a3e56eb
Concealed Pistol,b6ef267e-b1d0-4fa5-b771-01b37b90f878
Conduit Ring,445b6e09-cf16-4e38-9018-0d49479a66eb
Conduit Rod,4aa3f87f-130b-4403-9f2c-e2cd592033c8
Contender's Chain,3dcd19d4-bab0-470c-8746-7532bad8e6d6
Copper Knuckles,5606b76d-a88d-4371-bce9-20dd55bbced7
Copper Ore,a729f2af-1760-45fe-99a3-905479203e0f
Copper Pendant,047a25d5-467c-4872-90f5-436cc1f60499
Copper Ring,60cc8b96-cdc1-42d8-823d-ab06cc99de49
Copper Scepter,5d5e1669-862a-42d2-bcae-cb1c7310f9b8
Coral,7451ec1f-6cf7-445b-a2c3-8f66a0075081
Corrupted Roots,12e163af-0d34-4fa9-946f-50d73d1a58db
Corrupted Shard,d55301bd-57a7-4ead-b614-6e3f4c014817
Crimson Brand,9ef4d0d7-ac68-40dc-84b3-1575169ce313
Crimson Coat,645da07a-4eb1-49aa-a74c-323a0df8e5aa
Crimson Crusher,c73423d7-ecf1-4ee4-9770-89b1846e7102
Crimson Guard,7f966f52-ebcd-4b88-9d0e-c50d244eb03f
Crimson Hatchet,54825b9d-4a23-4818-8d40-943340c5ba3d
Crimson Sceptre,6331af41-dd52-4a25-9b24-e32c6c65e3c3
Crimson Slayer,ef792092-212f-4c76-89e8-7229eb4c7119
Crimson Squid,7cad5a17-022f-4797-8ed1-c6100b1a6d6f
Crown of Mana,7fa5ff79-50b3-4232-86d2-bc9774d0e6e8
Cruel Blade,38629e2a-cf26-4636-bf9c-f71751ef8651
Crusader Chainmail,ffed6d94-60e7-46c9-8c13-96db8091293b
Crusader Sword,ecad0e86-daac-486e-adeb-d5e338f88594
Crusader's Chain Hood,33c999b5-4433-41b2-bbb1-b96c1c4219e6
Crystal Baton,7d03c400-9b7d-49d7-ba46-b3f7b1e97c46
Crystal Cane,610507c2-b7a1-4fa1-b33d-732e67a9372a
Crystal Rod,b5ad6a0f-9d78-42b8-a918-9c4663a1c7cb
Crystal Shillelagh,dfd5fd8d-5aaa-4953-b809-93de3ff96001
Crystal Spire,c5488bbc-8ba1-44f9-9c01-d5d0fd106a17
Crystal Staff,21d269fa-fc97-4813-bd8e-63e509127da6
Crystal Urchin,fd598841-bfa0-478a-ae40-8f9d9f970eef
Crystalline Snowflake,019ea503-7b2e-444b-a22c-4966301d34b7
Cultist Hood,256f5784-9bf7-4a20-bd4d-fb7f8b3bc6a1
Cultist Robes,1733df1c-68ef-49b7-83bb-67f167338194
Cursed Coin,5e7a5bf0-3557-494d-a87e-35091ebe5a33
Cursed Idol,e3649c22-25f3-463c-ac5c-a903f2ee7fb6
Cursed Papyrus,e5c5761a-f81e-4883-bf1b-bd1b4aef1f87
Cutlass,83ca1f5c-fa9c-4cc3-b037-460fe70d3395
Dandelion,7ff588eb-f34f-4cf0-a582-afd3033d7eca
Dandelion Bud,98ad1857-c220-43f4-a6a7-7d0ae5fa1395
Dark God's Sceptre,858490ec-a070-4027-bc90-32cf9d836065
Dark Steel Helm,8fd7e1ac-6f18-4a6b-bc58-b1b28ba90dcc
Dark Steel Locket,b9b639bd-d39a-41a3-b353-9d1781767384
Dark Steel Platemail,f9006fcb-830b-4441-9614-0eb3cb595db2
Dark Steel Ring,390c7179-6b8e-4207-a5b7-3a0c0e813aef
Dead One's Head,7e9de279-7a7c-4201-afa1-3e26c48e9315
Dead One's Mind,be6a6803-03df-43e1-adb8-65c5e1199926
Dead One's Phylactery,fba2c5d1-81e1-4ce8-8596-c340fb65a950
Dead One's Robes,348f434f-0e26-4782-ae76-70e81f262116
Dead One's Scythe,5080ac8c-d02e-456d-aadd-f4be1511995e
Deep Dweller,cce2adbf-308c-4c5f-9d3a-a086ef03e0fa
Defense Flask,5e7ba0b8-882f-4534-967a-abb5cdfb9e11
Demon Skull,e05e07de-c09e-406f-9916-3eee43d7331b
Demon Soul,13447e12-1af2-4696-aad8-ab4659cc562a
Desert Rose,dafb0aa7-0a46-48be-ade6-f9dfd47c0436
Diamond,92a03b77-8ca0-4a10-a448-02402e4168ca
Diamond Necklace,94905979-286f-4984-a832-49e084c05b35
Diamond Ring,49899b32-2243-43b1-af4c-b10edac7f7be
Discipline,2295f52d-04c0-4ccb-b507-c3c922a6dd84
Divinity Staff,0c675bb8-f499-44e7-b588-74f001d0a558
Dragon Fist,38b4a977-74d1-4649-a6b5-d0da5fae5650
Dragon's Blood Amulet,b31300f4-5cfb-46f8-b33b-6bdd4df963c7
Drake Eye Pendant,1123b10b-2ece-42c5-90ec-1937f204d19d
Draught of Life,eeebec19-be2b-4c32-9f76-e613787af263
Duelist's Vest,9ca3abc1-63f8-4d69-80c3-fea589bb44e7
Dwarven Defender,a3b43fdc-a76e-4e2e-b678-84db49d84ca1
Dwarven Greatsword,3287d8ed-6b63-4f7d-905e-91a191fd31f8
Dwarven Handaxe,6eae9f78-73d4-4d30-b35f-6c8043d1cdf1
Dwarven Helm,5647a33a-296b-4fe3-ae10-b2bb73371289
Dwarven Lord's Sceptre,7c9ed450-44cf-41f4-a13f-e577137d5311
Dwarven Morningstar,c87ad8d4-fbae-42e8-bbd7-8e86cada2f46
Dwarven Pickaxe,124cddec-7161-4b26-b13e-04804ef21da8
Dwarven Platemail,a00ea89d-0956-4620-8fbc-74bc33ec0404
Dwarven Sceptre,cfb4885a-8b16-430e-bac8-edddfdafd03c
Dwarven Spellhammer,56d93505-9ac5-4ad2-8f55-9730d53ae47c
Dwarven Spellshield,0ae93305-9ef7-42b9-b647-583249c76819
Eagle Charm,f4416e71-7332-49e7-a93d-8b00d513099b
Earthshaker,0a798cd7-2c53-463e-a7d4-0ec1f574c7f1
Ectoplasm,7eb31424-f6a0-4ff0-996a-fb20ef220906
El Capitan,f13ee11c-bf95-4b62-9139-ad683ee018cc
Elder Branch,16a59190-3445-4fb3-acec-b4c5ad3e94cd
Elegant Blade,63093cb4-32e9-43b1-8159-7fbe862187fd
Elemental Chain,c7f2a14d-56c4-4742-ade7-ef95988c2a91
Elemental Gi,4fb384ed-62a8-41a1-b418-14dba5e27a7c
Elemental Hood,375fa069-a9b1-4575-8342-35db17675be9
Elemental Loop,c554087b-3017-4f59-9f47-f7b088740665
Elephant Gun,b4b57549-63cb-4a06-82ad-c328383de058
Ember King's Might,0fbbda0f-1696-40db-aceb-3059eaa516c0
Ember King's Will,4b4c031c-8f4b-49cb-8ed5-cbff85fce364
Emberstone,f1e08c8d-4752-46ac-92fe-43e0842a65e9
Emberstone Ring,0d5d4432-3760-44da-8e57-718726e99d49
Emberstone Staff,ca69b54c-2b59-4a02-a24e-1cb46ec97edf
Emblem of Power,abccf8dc-102d-4b17-a600-54c9c25522b7
Emerald,0c8633a5-9747-4989-9ab1-8f90184b0da8
Emerald Cross Cap,4b2c9e85-503f-4e54-9263-f12d635bd302
Emerald Cross Helm,3e6793a1-e042-4a53-905a-2ef4d9098dc3
Emerald Cross Tunic,4ff4874b-cdf9-4a29-99e2-f7576f10872e
Emperor's Cuirass,e47c7e0b-7b41-42d6-b558-2ce5dbf39080
Enchanted Bark,cf80b033-f011-45f9-8997-a8cc572ed3fa
Enchanted Spark,d674e7a4-d7b4-491b-baa3-af6cb66768da
Enchanter's Hat,72eafc6a-16ed-42e6-a9f4-00547192160f
Enchanter's Robe,af3b9525-ef41-4264-b2a9-02ecae47568c
Energizing Elixir,bf441dc4-d213-441f-9d72-ad320cf50109
Energy Vestments,1d5e5ca8-80d1-4f87-add0-58b5f6920c2c
Enforcer Helm,397675d4-fdaf-419c-926a-717f3118a52d
Enraptured Static,d11b5a5f-2942-456e-97ca-e655d9973d8e
Essence of Flame,a7901975-1fe2-49d3-984e-3a26b02b09a0
Essence of Frost,4ecfa222-f9b9-4ba2-854c-6b14dc6ffc43
Essence of Shadow,74fd8f5f-f4b3-42e8-bf4a-d5e080e29bd6
Essence of Thunder,f09245a4-bd29-40a9-9fbe-d946db355d27
Ethereal Charm,8b2d267f-5d1e-43c9-bdce-31c36092a218
Ethereal Loop,845ed2d4-8b17-4e45-8fe6-f8400e78c88e
Excalibur,ee17e688-4c9a-4d43-b87c-69c1623a8612
Executioner Axe,755086a5-3b93-446a-9a74-b2631452ae83
Eyedrops,f5d65708-2126-4c90-ac75-e2da562ce531
Fallen Cleric Robes,548cf40c-284b-4657-bd76-8e10b6bdd29f
Feather,c9402992-fee6-40dd-b1ac-e45cd4c5103b
Femur,8219f947-72a8-441f-8315-dac233cb7e15
Fencer's Gift,38692ced-0675-488a-871d-0c6f26eb4137
Fiddler Crab,9eea54e4-d9bd-4ab6-a14f-0c272c4e77c2
Fighter's Half-Plate,f1f96fdb-f198-4986-b843-83569ddbedf6
Fine Feather,29ef8514-3d14-4b52-8357-8d4981bb92f3
Fire Core,377f29a2-b2d6-4bfa-ba49-89617680b593
Fire Garb,8c05814b-2c8e-4ea7-aa28-cd5cb44fcdd5
Fire Gi,80b42d15-54bd-4339-a4b2-1c7065043991
Fire Hood,b3082069-350f-4720-91bc-eb0e3ccf2b1a
Fire Kelp,0ed3c481-0310-4a83-9d02-c6df4ceee581
Fire Salamander,2b587dc8-45b9-4b11-aa64-96e2e8d6cb6d
Fire Wraps,8d0819e1-c55f-431d-97e6-1588a853e7d0
Fishing Spear,79bf9b87-fa07-4d71-84b9-d0fe774a41d0
Flame Grasp,d512884f-4861-4c1a-b2b9-3b897618b330
Flame Hat,fe364790-f5ab-43fa-968b-ee920aed8ace
Flame Vestments,5684c4f0-8c73-41c7-9a56-9d3378c1b4c0
Flanged Mace,be149d1e-3dab-45ec-bc6a-81e312588cc0
Flayer Blade,f2f5c8ef-ec1c-4168-b862-0c145ea65622
Flintlock Pistol,c63804e6-6514-4196-a6d7-f9b573603212
Flintlock Rifle,0118e463-bcad-4cfc-aa35-c76a5fb86efd
Foe-Crusher,490cbf0f-fcdd-4b59-9b10-0e38dbcac9ca
Foestave,306c7c9a-bfd7-4a08-83ed-dab77134f6f5
Forest Glaive,6b4be93f-7c2f-4f09-a037-47a3dac5d4f1
Forest Pendant,8d921cc3-e501-4899-b4a4-a2ba843bc0a5
Forgemaster's Links,611125e6-28fd-4381-bc19-5daa891e91a1
Fork,8183a69c-847e-4d2c-964d-6d4955939050
Forkaxe,6e6dd704-056e-484d-9262-1c16c8893e4e
Fortified Flask,010ffa65-b682-4dbb-9823-00eab67d970b
Fossil,f9524ec0-ad2e-4eb2-b03d-a5ff98ef78ad
Fox Charm,bd098d71-a4ee-46d0-9111-2589edeeb311
Fox Pelt,68e77dfc-60a5-46f8-b5b6-6804e0ef0c02
Fox Tooth,67201689-ffd4-4609-82c6-7ef9598d4743
Friendship Band,8c8fbd34-3417-490a-94ea-96092354dd6c
Frog Helm,d9337587-e88c-49c6-a2b9-930440defbdf
Frost Core,efb3b74d-6d8c-4b4b-8811-e90384f93e9d
Frost Grasp,f42f325c-e3a6-4976-856c-18341a8cc68f
Frost Hat,e8a81be8-3d95-4dd0-b2d5-9123e034ddc0
Frost Leaf,f3ad9581-c758-447b-bbd7-1ee772c0935b
Frost Mantle,e6dc2d8e-d816-4ae2-bec7-251a0c209a30
Full Plate Helm,3470af53-bcea-400f-8176-7e67dfed3ba9
Full Platemail,81b6a05b-6eb3-4eb4-9f7b-c9cfc1400558
Fury Staff,e7e3dcb8-a5a7-46c9-bc29-9745e9c18d73
Garnet,b9f1fbc0-a55f-4c96-9d1a-4611cf21e685
Gatecrasher,da838f4b-d8d9-4dce-885b-2815696cf53f
Gathering Scythe,6bcf349b-d463-4325-9348-78912899e74d
Gemstone Baton,73ac8db1-7fc0-4d17-8c71-ae96b0970751
Gemstone Cane,82dcd769-db4d-4d42-be02-cec7e01cc910
Gemstone Ritual Staff,af234de2-dad2-4f07-aa21-1f1f9064a8fc
Gemstone Shillelagh,2eb8c877-5f5d-447a-a32a-13d82506bc72
Gemstone Staff,8433fff9-adcf-4426-85fa-47f497bdd1b2
Gemstone Wand,7e0aa4d1-6886-443e-b03c-ac7348df65c1
Gemstone Wand Rod,b967e01a-370a-4424-8d82-1ce31df683ea
Gemstone Wand Sprig,91dc0a5c-4257-4fff-b7c2-dcbc525d1d0f
Gentleman's Cap,854cd190-952d-4087-ac29-f208e57aae20
Gentleman's Pistol,3e31a026-d078-4b8a-8287-a8112ab03f09
Gentleman's Vest,a7b56dc6-9633-4896-aba8-978769516cf0
Ghost Face,55586da4-e89d-4ebc-be74-3e0f37a562bb
Ghost Hunter,42ea7c33-6b30-43cd-8546-e29052136a5d
Ghost Salamander,eec7493f-0a12-4ce2-98a8-0c296fa14669
Ghost Shroom,35a7f369-c065-494b-9e0c-34cfed46211d
Giant Leech,12861077-6d55-4624-b78a-2e89985f352a
Giant Ray,5ef40180-c7c1-47e7-90cc-9fa58205226c
Giant Stalk,912c7a03-6fd4-41fe-984e-ebfc1ae6eff7
Gigantic Fossil,31bf78cd-1ef2-4450-b603-3337c4bff82d
Gilded Axe,24930d0d-651e-43aa-a91d-5144afbe1893
Gilded Hatchet,f15015e0-68bd-4152-b648-06010e188554
Gilded Kite Shield,df92c60d-5012-4438-bb44-7a86e7d8f2d0
Gilded Rapier,7b8b495b-3e6f-4526-9cc9-cf5b37078988
Gilded Scepter,c6707f31-f2b6-441e-a924-5a0153372089
Gilded Spear,04a9aae6-3cd3-43a7-9f6c-407a9df40220
Gilded Staff,44dba311-cc87-4693-9747-544b3542fc5d
Gladiator's Garb,0f479ddf-d186-442d-95c3-0f6e3641fc7f
Gladiator's Mark,4121382b-4443-45ec-a9b6-406b1fa566d1
Gladiator's Spear,3c553530-05de-446c-a575-b40a1c205c4b
Gladius,7bfc4501-bfd2-4160-b039-d3548323c5b0
Glaive,8ffe4c08-6c4a-4242-9fec-0af9fa4e976e
Glass,d63ab1ea-bef2-4440-8569-7958303656f7
Glass Lobster,88727b58-ea8b-4fdf-b390-111e9975debb
Glyph of Almada,5d88ac6c-9a7c-4f83-962e-bde28d970c28
Gobfather's Smasher,bcff19b1-bc08-4ef1-a0b2-e572081b7895
Goblin Bone Axe,12bbf749-74c0-479c-a6fc-256039fa68c3
Goblin Bone Necklace,0cc13acc-9da5-4606-84c2-ed7faaa87e3f
Goblin Bone Ring,4afe5f98-1603-4a6b-9bbf-3301d84a59b4
Goblin Chieftain Axe,a83c30c3-f569-4a2f-bed1-5502e1052f4e
Goblin Club,d01cdd11-39e9-4cb9-bd51-8523d0b84061
Goblin Matchete,14597ce5-7e64-4b56-97b0-88c8b2ce4e59
Goblin Shaman Staff,8cd2100e-6870-4fe1-981b-9719846f1b38
Goblin Shield,900cfcc2-377a-4aa7-84f3-9facb00791aa
Goblin Shortsword,1d76b980-48b9-45a2-927c-dc2a1ee9a6a8
Goblin Spear,e329e515-e4db-4b13-ab0a-c547a2d21d39
Gold Bar,12ff0141-1600-4548-96d4-c7f9730495e3
Gold Cestus,4e2c4fa0-682d-4fa1-b34b-080e9272951b
Gold Dust,158f7d28-a0af-4655-b076-e6dacbe077b7
Gold Necklace,a6a2b188-398f-4ae2-8482-ed8f461a7d7b
Gold Ore,f61bb324-af9c-4bd1-834f-930cf558aae9
Gold Ring,810b09d9-e0dd-4032-9283-197320d02bc6
Gold Statue Arm,daf8e08a-3b18-4595-b58d-b84f663eaea1
Gold Statue Head,0d9b459f-0fa7-4cef-a17c-7270d7e9c5c9
Gold Statue Torso,4b62bd76-48b3-4d47-971e-b2d89be60ee7
Goldbloom,bd981a38-82dd-4473-95fc-ca3669d28d64
Golden Aspis,f11fd081-d369-4220-97cf-69ba1e52b990
Golden Bear Head,46fe25c0-06f6-464c-ab84-c7a9302a17f3
Golden Cross,16dcf3ad-6504-4dc7-aa3a-727ffaf9afd3
Golden Fleece,1daec67a-2824-4d70-9e9e-9bf2f35b160f
Golden Scepter,c707a913-67c3-4202-af5e-fb589d149232
Golden Valkyrie Helm,154e0f8c-198a-4aab-95b7-d50d717a90b1
Golden Valkyrie Plate,a231a488-cd2f-45a3-90d0-2f4481626b36
Golden Valkyrie Spear,c7ab3f8d-6a38-4270-8353-54d6ff649917
Golem Eye,c26882e3-4085-49ac-ae11-60781ea6f3a6
Goliath Bass,048f3028-76ca-4705-93c7-8f0752a21f55
Grandfather Odachi,42184d54-e23f-4bb4-9bb6-057c15117230
Grandmaster's Gi,e1320988-0c1c-43d4-9ded-6918213126d9
Grave Kiss,af0e3dc2-9854-4644-bf5a-41751b9f01ce
Gravestone,62c25dd1-f951-4abf-80a8-cc80c660941e
Great Helm,63335cf3-664b-4bec-ac55-0be61df00b99
Greater Healing Potion,6f3cff46-f7e7-4b8a-b514-01cb0a22fddb
Greater Mana Potion,5e75f071-9716-4ba5-83d9-6e276477a597
Green Dragon Eye,e0ecb290-aa63-43c0-ad5d-ce6fa662b3f8
Green Dragon Scale,a1345d3e-69bc-479d-9a76-afa9e602e815
Green Drake Scale,b707e914-3eae-41c0-aabe-ad829d29c376
Griffin Horn,96812f17-42e7-4382-be7d-fcbe98a41f2c
Guard's Spear,b89a0967-0343-4eaa-be4a-9671563068dc
Guardian Flask,0938e1de-f799-4be6-be45-6ec6b159092b
Guardian's Way,7241bb91-23b7-430a-a673-3d254855c3b4
Hailstone,77175819-0f2f-405c-a6f9-316271686fde
Hailstone Ring,e51426f0-144a-48a1-8c54-fb66cef01241
Hailstone Staff,0c37ac37-f202-4fdf-a813-ae578d3df6aa
Halberd,a97f15b3-2f27-428a-a623-4631033b5c07
Half-Halberd,06c42de8-9a80-433d-b373-0c18f47c2dcd
Hammertooth Shark,1c1508ec-7e23-42ca-a7be-e3dc2c6e6d80
Hand Axe,5e26eae4-6f4f-4b5c-9bf5-2d1977ce39ed
Hand Cannon,2ebed090-57bf-44a8-915e-c88c379ecbca
Harmonious Garb,03e15e57-62e3-4f6b-9fe3-01aa5db49918
Harpoon,7aaa6b10-aa9d-4ff2-986c-50cd30fac243
Harvester,6ad45c23-1206-43b9-a588-17059b7621f5
Hatchet,a1290cf0-c723-4ade-83da-c1cbea3542d7
Healing Potion,cf4efbb8-3e80-48e4-83c3-43a577e8fca9
Heart of Rage,f040d5d8-f4e8-44de-a1f0-30444ec20000
Heart of the Mountain,f3e67511-79c2-48ee-a579-ef5c7f27f492
Heart Pendant,40feae69-8baa-49f7-948a-a353d0998e1d
Heart Signet,ef726e9d-6333-4599-b349-c265c2f1db82
Heater,f75d11b0-2088-4014-9242-94d827cd7c54
Heavenly Blade,f9d12c96-1cc2-466c-8a9a-3d517ebd731e
Hero's Blade,b9c9d5d4-8c9d-49a5-b8be-8bf5c8ab9874
Hod's Hood,f033b7f6-faa3-4f32-bf15-5136314b6df7
Holy Blade,d809094f-8ac1-4ab7-86be-13638dffc4ad
Holy Heater,6eaa24b2-9cdc-42bf-a331-6b170582ced8
Holy Symbol,90160e83-3dfc-4d37-9943-cd8cbf1c32fe
Hope Locket,fd9be8ff-4c84-42dd-b15b-67488cc4b9c1
Humble Garb,b33f4399-f9b7-4234-bafc-6ccf5035b2a7
Hunter's Bow,4d91db8f-c686-4727-9c66-da25f6ae0304
Hunter's Trappings,c141d4d4-e3a7-485c-8dc9-85cca475131c
Hunting Knife,a4d0eb88-a4d3-42cc-a706-1462ecb451fc
Hunting Rifle,6d35888f-6ffc-4db9-83a3-31168681f008
Hunting Spear,15201555-8b5b-4c50-a09c-f6d9619649b2
Ice Garb,c08358ff-2988-492b-a137-bff73e3c22c0
Ice Gi,27a1caf0-24f2-41e0-89d4-23d5258ab0be
Ice Hood,a2500a7c-eef0-4b3c-ad7d-e8658bb1bf64
Ice King's Axe,581894e7-9a4a-4b54-8a12-9b04889e7ea6
Ice Wraps,fa74de94-2da5-4a8a-8dbe-ad82c3916b76
Ice-Runed Axe,f77f7df4-6933-4c60-abef-f186217cdce4
Icefin,74968960-22a5-42e0-8ca5-1a5d66b38361
Ichor Oyster,80868369-4b0c-4a4f-a9f0-2a2ee7dbb4bc
Ilsalay's Indestructible Aegis,56aa0be9-155f-48c0-8880-f915efba74de
Imp Claw,d780d01e-48a0-4175-b51a-eab230861e55
Imp Horns,87091644-a951-428f-a598-4d2b733b7309
Inner Strength,97c77043-e234-431a-8258-fc8ac1d7d113
Iron Aspis,e18b038a-6f4e-44eb-8d16-71af6c6a17a0
Iron Band,58c4cac1-a3d4-4ed1-910d-bfb7ab7cc6c9
Iron Breaker,f7f55bc7-0aad-4751-9975-6b9f96c875c9
Iron Choker,eb5cf13e-f1fc-4f9f-bdd7-46746978fa0f
Iron Fortress Band,bf8a6c81-387e-41ba-8211-3535fede0d67
Iron Greatsword,722fde0a-9201-4065-b25f-cfaab9728c81
Iron Heater,c019048d-7a13-42d0-8799-1dba4eb3afee
Iron Longsword,16353355-1eb0-4107-9d64-7f0ff8171050
Iron Mace,d2ab3291-7fdc-410b-b0e0-244ea35f9fa0
Iron Mallet,db01c2d6-877d-4346-86a0-72a20b58fc98
Iron Ore,4ed43506-c1ed-4bde-8631-797d2eebd173
Iron Pistol,65f5242e-7e90-4aab-b0b0-a76b078cbf21
Iron Sabre,cf3b0e9e-36fc-492a-ac9c-b187872cf4dd
Iron Scepter,3ba8c45c-8914-47e6-8785-bd3513057815
Iron Spear,ac0e8961-3773-4046-a24e-56f2578d73eb
Iron Sword,a9a60f87-f38a-4438-b026-cc18ded25dfe
Iron Thorn Cuirass,f62202d0-d83d-4eab-856d-94c2057b42f1
Ironbark Shield,a1a50cd7-4f66-4c07-a185-b4b5f8ddae03
Ivory Aegis,a517dfb1-bdf0-41d4-be1c-b7a18f2de0e1
Ivory Musket,2fb2b74a-d892-49c8-b3b4-12881bc2d79b
Ivory Tusk,66520d90-fb30-4c82-bcef-06b27dab4dfd
Jewel Encrusted Skull,10be9780-c4d0-492d-b37f-33b6fe62a6eb
JJ's Miracle Cure All,b02143a4-34a9-4f6c-91c6-13bb36696ede
Jungle Spores,a68fc18b-bc40-400d-a770-f847345ba55c
King's Signet,f312d23f-bd59-4ba6-8d6f-a6239e874558
Kingdom Guard,9fecf009-a0c0-46b9-b07c-8583a41476d2
Kingsblade,7923eead-9008-4893-9a46-eeb06cd877f9
Kingslayer,42041b65-e6a4-4c0b-b31c-322d51b1556c
Kitchen Knife,5a21dabf-5f47-4e16-886e-b1eaf0278829
Knight's Full Plate,dba02af9-6708-43dd-84f0-5e90ebe4451c
Knight's Plate Helm,9de3dd59-26d7-49b3-a5ea-3a36905b8ca6
Knuckle Dagger,4fdb7c36-b912-48d6-b64c-bba008420d4d
Ksvaldir,d1d362f9-4d54-45c0-b194-8eeda897316e
Kunai,428fbc11-77fb-4f55-87f1-93bc1874b861
Kunzite Crystal,4978c7a8-986c-4989-a5f1-7d4f7e033f34
Larimar Crystal,292fb133-f394-490b-af81-45e73a16872d
Last Word,c0347ea4-2c2d-49a1-bfdf-080ec6844daf
Lavafish,7982793b-62dd-4642-af67-335c1843a793
Lavengrass,cdec3c3b-2c66-4f30-af8d-ae66a9bd7404
Lavenroot,a721e382-89f0-4afd-b53b-931f5634cb5c
Laying on Hands,73fa0a13-36e5-4f90-8e16-29f2e1d9a3ee
Leather Armor,ef91ea77-3d87-4a06-8a46-ac0d96c1cce4
Leather Doublet,d20e5705-8cd4-4985-a428-22f43a7e7631
Leather Hood,0888db7f-9dd7-4d5d-aa6e-7114fe779274
Leather Jerkin,91e88601-255e-40a4-818f-95b61ef1db19
Leviathan Plate,5a5f00bd-c1a9-4ecb-a689-f93399eb904b
Leviathan Skull,a4ab3d2d-0bca-4f20-8118-85ac9762b36a
Life-Runed Hatchet,aecdd78e-5ee0-4142-9b87-cf2fd20aab7d
Light Healing Potion,d9bd9bd6-49eb-4571-9183-0b8fd9abc02b
Light Mana Potion,0859edcf-0a89-4bc7-a4d1-0f959e396b6f
Lightning Garb,e06c91ed-1e18-4d34-84d6-08c70210a188
Lightning Gi,6780104c-3091-49ea-b88d-62f6ca1544b7
Lightning Hood,61575101-d0b7-4062-b5fb-94372a97392e
Lightning Perch,7c5772fa-37b1-40c8-baad-25c0fc0b1494
Lightning Wraps,2c205631-dbce-47f5-a8e0-045242bb4b68
Lion Charm,0bce7555-2a82-4128-9605-5549a2beb097
Lionheart Breastplate,37b6c00c-2988-42e8-a8f7-fecdc05fbdfb
Lionheart Leather,e05f6453-d9de-4579-a16c-102ed7f9b3e9
Lionheart Plate,efc8c1c3-60e9-4580-a1d9-0f97a08db3ef
Living Axe,61f5cb3e-15a8-4f82-92a5-6d4ddf1df875
Living Band,78cb05b4-31c8-42af-9a4e-6c631c798328
Living Stone,c783cfe4-7156-480c-aa46-09ca7d3af903
Logan's Paw,711b9d8a-c9fb-4830-b104-aaa225897c12
Long Bore Handgun,2087fd4c-fcae-459c-983e-9425e3d97225
Longbow,34d21883-1298-4521-b8f4-9cdee3f6580e
Longsword,5cd9eba1-4205-4668-84f5-784b20da2274
Lost Valuables,94d15dd5-9e17-4c2f-a865-d2154ed38579
Mace,30c65d7a-1947-40b1-938a-7313081b6f9a
Magedraw,4ea87406-c9aa-47ab-9358-573c8f45462c
Magmamouth,b47760ac-daf5-44d4-821c-24ec9aaa545c
Magus Hat,9e235165-2a1b-4497-ab1a-7651633a6082
Magus Robe,1fe9d626-0244-4873-81d0-702b4efbf498
Mana Potion,0b207bf6-8015-4962-a8f6-bc0609c68dc8
Mark of Nobility,84340e1b-132f-4aa7-a9e9-5ce67cfc0b77
Marksman's Cap,df67d58a-a4f4-4a49-acf9-1de8b828f4f4
Martyr's Chain,0c20e416-4f87-467e-accb-a0963934e8e6
Master Swordfish,e3e57d3c-a930-4442-8479-2529ab564c19
Master's Gi,c8fd624b-32a4-4620-94bf-36bbc701f833
Meditating Brew,1a3be574-7b8c-451a-930a-df00f2d5c914
Medusa Staff,5a43c578-0d93-4570-917d-9dafea399174
Memory Locket,5fc9a056-e673-45e0-9437-b07b4353caab
Mending Band,05815853-3aa8-4383-9377-81174c3aa081
Meteorite Band,e34f868f-2b99-4580-a304-95ca7d771cb4
Minor Healing Potion,b06a40a1-c4f5-46d8-95bf-1b2cfe4e5f05
Minor Mana Potion,5d6977db-62da-4242-8f4f-ade9286be7f4
Minotaur Axe,5be68e42-a14e-4de2-8201-8b1989ee6578
Mithril Loop,a52b3cca-1b3f-48ad-9431-c972197491df
Mithril Ore,5fdc82a8-af09-4982-81cf-e9c1c881801e
Mithril Pendant,654e8b04-dd66-40dd-acae-8aaab8c5d2ad
Mjolnir,ac16d4dd-a135-4508-87fa-0ff797a9cef8
Moon Fish,fa0f3eeb-e853-4821-8ee1-fad54e00d3e5
Moonstone,4bd03ed0-9a02-4a0c-9477-1bcba0857d4a
Moonstone Necklace,1d60801b-f30c-4543-a7ef-13653cb53731
Mottled Eel,44d3c2cf-4885-48cd-8202-f425546da440
Mountain Salmon,4d9797bd-eae3-4b19-80d7-7115f2706a5e
Mourning Star,e338da37-56f9-409c-9a72-f508bc7d6397
Mummy Linen,08a9fef9-e483-4a0b-9f2e-841b0d390839
Musket,a66fa447-7295-4017-ae92-25be38e4f8a7
Musket Pistol,337a8fcc-175f-4527-acff-c81958dcc1cf
Musketoon,58ff137f-594a-41bf-af93-2bf9423dcf20
Mystic Blade,7994129a-799b-40b8-b1df-115a8f25ec1a
Mystic Staff,543a51d1-a327-406b-86e5-d04c178e215e
Naginata,3afdc9eb-aeaa-4d41-b34c-872fab1de7a3
Navy Chapeau,b55b802c-a68e-49c0-9992-3d0fd8da802a
Navy Coat,6b20e5b5-380c-4993-8907-f1b422865f62
Navy Feathered Beret,4ec0048d-e6d6-4c35-bc72-17e08d34112f
Navy Robes,a590ce86-9678-4e7a-9d6d-66ad888a56f5
Negating Tonic,a7539704-9861-4a51-98a0-7524bc305cad
Night Stalker Leathers,fed263d2-e389-4e3e-8697-89111b82d08d
Night Stalker Mask,0afc70b5-0ab8-48df-b8db-f797d9286ca1
Ninja Gear,6312e9ed-798c-40a4-bcc0-5c9804eda700
Ninja Hood,c27caa41-521a-4249-b175-1c6246049148
Ninjato,302f83e5-2c48-45c0-8cd6-e762ec9e0676
Nobleman's Vest,40a05e1a-a2b3-470d-b4f4-c0281f52c920
Northern Cod,cd944657-52e5-4a4b-b1e0-7f61a789cbd5
Novice Gi,04ad8903-db2e-45a2-8263-ed4683374454
Nullifying Tonic,eb2f8ee0-a8c1-4104-8993-cfa5da36958b
Oasis Amulet,b1d0fdde-a2fd-4f2b-b6ba-726806159025
Oasis Glaive,40669810-5477-4de8-8abf-8fc0314cdd4e
Obsidian,3fb63826-6cdf-4a59-b5dd-92cda4df0cc9
Obsidian Blade,6ace9eb1-5d26-4f3d-a0a4-54d89497be13
Obsidian Cestus,bacafc36-8d84-4403-8b92-8607ce8a3947
Obsidian Dagger,ac556bb0-40b3-4c33-82de-67283b976606
Obsidian Hatchet,b3e940f9-b843-4218-85d3-2bf3d07a1335
Obsidian Shell,ac5ced5a-ea17-4465-8840-fc7f5bb9b4cd
Obsidian Talon,1c61dc1a-91d2-4929-9bc5-a8b025243a9c
Ocean Iguana,490b710e-cf88-4eb8-ab91-0062b6f982f8
Oculus Stone,5ed3483d-4507-4277-994f-6f9a41defd95
Oil of Acceleration,52eb008e-723f-46c3-8f44-871f3feaef8e
Oil of Alacrity,1c70f03c-d16e-4e61-af9a-2f3d72f721c4
Oil of Momentum,2fdffe3e-f2df-4b86-b749-41f9289e6843
Oil of Movement,788297b7-2b16-4fd2-8685-09a65680bdc1
Oil of Speed,d7ba13b4-c7fc-429f-9685-50ff56f3a05c
Olive Chapeau,eb3e85a0-1633-4d57-a2c2-17dbae4d4f3a
Olive Coat,0ce1ac08-8c56-471b-a35d-af0e25f83bdf
Olive Feathered Beret,13222389-413a-4e49-996a-af8866320da5
Olive Tunic,fcf952a0-44b4-4835-8ada-22406ec4b268
Onyx,34b75cb8-b206-4205-969f-b6c85ccc6938
Opal,6af72a3d-92e0-43dd-9e31-66ed9c34ae5f
Opal Necklace,9592329b-3ee7-47b9-86f8-d244cd0c961d
Opal Ring,bae22dcb-85a5-4b0f-8acc-f8bbfa44f2e6
Orichalcum Band,cb7b7de1-f1c3-4158-81b9-f3b55883fe0f
Orichalcum Chain,821a3cb6-5cfa-442a-a8b4-49e885cf478a
Orichalcum Ore,56450675-50ba-4fa5-82d9-28773bfa87d6
Ornate Sword,978ace1e-3ccb-4209-a14a-855d43695d4f
Outlaw Coat,860027b4-f3d4-4bd0-9b32-a340f7aba999
Outlaw Mask,f69bb1c9-fad3-46e8-8231-3284f800be97
Overgrown Thorn,053a4813-cdab-4575-a8ab-5b21a016878e
Paladin Platemail,bfd2879e-0236-46e1-9361-6fb8855c0e6a
Paladin's Hammer,fa3cf327-aa20-4a39-a1d3-3775f57b8b98
Paladin's Helm,81243ca7-cf27-4842-b822-d5346a7faef8
Parmula,46c6454d-c575-4ee7-a078-7950e97e67a3
Particle of Light,1775265a-2f3e-49c2-80a2-de072cedd147
Peace Lily,7732fd2a-04c2-43b3-ad7a-e48e745fba76
Peaceful Garb,4827986d-958a-4394-8e3e-1a0e419fd026
Peacekeeper,35329633-7cab-49e6-ad6b-9da4a0d18045
Pearl,9ab3a328-ff49-49a2-a7ee-4d738713373d
Pearl Necklace,5e36c85c-d762-4565-bbd3-c2c0dd878460
Pearl Ring,d360d866-40dd-49f7-bea4-1cd12e74bdf7
Peashooter,117a772e-3e8b-4533-bd8e-260ccf6610cf
Pendant of Cunning,f04d8a8d-43fb-4e79-8f32-f909960d5655
Peridot,7c01e704-b60b-416f-afa7-59182ef8f184
Phantom Piercer,5ab1e0d5-ddaa-499d-b43b-0ad31a5b6bc4
Phoenix Claymore,411a7572-5844-4b7d-b5b6-c9472b135787
Pike,4f72d813-38eb-4cd4-8eaa-2b058a88e197
Pink Jellyfish,b5376688-01a3-4568-9e30-58ff7a3392ce
Pirate Sidearm,506903f6-5a54-4ea3-aa19-622de1c5065c
Pirate's Cutlass,993cadd5-be60-42d7-9905-887568a8715b
Plague Jacket,96b08988-ae89-423d-8dc9-221713b5f136
Plague Mask,a8e48d00-fb7f-478e-86fc-29ed4b1306b9
Poleaxe,bd4a540b-d4a3-45fa-96fb-8916bdc4d4c4
Potion of Agility,ef0fc7c4-5502-43eb-addb-b2dc8837322e
Potion of Avoidance,89feecc2-ef76-46bd-9959-b43966cc3f78
Potion of Brawn,e485d2bb-8b28-4daf-b6e0-b095de85c311
Potion of Celerity,3256dec0-6d22-4d35-8a1f-002cb7edab31
Potion of Dexterity,dbacbc76-e76e-4585-bc31-48198e34ee80
Potion of Dodging,2ef8e404-7f05-4446-ba1f-97ac3e47be52
Potion of Eluding,e339b856-3369-4162-b9af-ea85b78dda03
Potion of Endurance,8f0a1b47-e6f6-44d5-a2f7-cdda104926c5
Potion of Evasion,e7bd3197-3071-4cab-b1a8-bf8ff8ec7162
Potion of Fire Protection,f3c3f6cb-6967-4e9a-8648-eea554cae2eb
Potion of Force,91bf27e1-9cbc-43ee-b0bd-ffb071674510
Potion of Fortitude,57ea0db3-a881-4795-9c4b-6b6cf67e4b55
Potion of Frost Protection,42a8c480-74f5-4321-9d57-522d5c0232e7
Potion of Intellect,4a338e2f-f34e-49fe-a743-24bc8dea9f97
Potion of Life,a9c33ae9-e008-423c-b20b-81e9bc01049a
Potion of Lightning Protection,0f75e074-7d34-4ed6-afc4-b5e4d9d0ca9a
Potion of Might,a2136f6e-8ea7-48e9-9759-930e0d734ea7
Potion of Mind,1e112053-3d50-4e19-acbb-83c1bb394f78
Potion of Physical Protection,ab47952f-889c-4fb4-8df9-842f5b2a4a6f
Potion of Power,0b758b4d-cd3a-4593-bbc1-e8f9cf008e8d
Potion of Quickness,dc11a1df-3a48-49eb-9874-b920f668dd20
Potion of Reason,610d1183-a9f6-4116-ab15-9f066ee3b709
Potion of Reflex,9c46551c-9347-4308-b0d5-baeaedd05171
Potion of Strength,d3df9117-0662-489f-9d23-d547bcbe6939
Potion of Swiftness,49f836ee-b3d4-485f-b7f3-0f271f1a766a
Potion of Thought,dd92a547-c9ef-406e-99e2-5e2b0ff9b3a6
Potion of Vigor,dd99af1e-15eb-4d0a-b822-139e039781fa
Potion of Vitality,fef26dc5-a3a6-4a98-ad1c-d7d8b93d29eb
Potion of Wits,cb047375-6a3a-44a9-91e7-318abc147dce
Praetorian Cuirass,594bca33-fe60-4af0-bd68-72ad28adde6a
Praetorian Helm,97b668b1-1ec0-45d1-9292-7efb093b8991
Prayer Beads,9ebaeb5c-cae6-4d68-bf65-186638062a90
Primitive Rags,5ca03df9-2676-4785-8907-8597fda0eada
Primitive Spear,f75f2f47-26df-42c9-bef8-7741621283ae
Prismatic Tonic,6dc9ade8-a8c1-4894-a260-99315ed29bc7
Pristine Animal Hide,8d1d8948-1678-4147-aebe-04ab286f621d
Problem Solver,a53a83d4-aed2-490c-8996-81ab76626522
Professional Finery,9db9ebff-b798-46f9-94e9-6ca493d226a8
Promise Ring,2225030d-a433-4a4e-ba85-490988b970e0
Protection Flask,80bf88f1-0d95-487d-8eaa-205b4567529b
Pupil's Attire,e0a3fb0e-b63f-4dcf-b96d-2190eee3e30e
Pupil's Cap,f265c618-e48c-485c-908b-2ddadff377cc
Purifying Band,dc6f0a3f-635a-447f-95dd-23e0a497182d
Purifying Essence,e2133da3-2c81-4270-b066-7d6e1592adf3
Quarterstaff,084d3c92-b2c8-4fff-8c55-4483ba9d8811
Rabbit's Spear,ff0c89d3-1f9a-498c-bac4-dc39e2d5cb1e
Rage Casque,10a9065c-87ec-4820-ba44-c11afa9ebf56
Raider Axe,02da8960-9d61-4a09-8ed7-1403b5eb52af
Rainbow Carp,8ef4861f-fda1-4315-a933-56a4929365ab
Rainbow Fish,96be18bb-ecd7-4690-91c5-e5af3f6821aa
Ranger Hood,140172c1-6272-4f85-ad9d-23aff4efa350
Ranger Tunic,df5a1e7e-56b0-412c-8824-5e277298a971
Rapier,3ee762f8-2f71-4b67-9ea1-d4cffd237321
Rare Black Feather,8e3ed1b9-262e-4a6b-b5c2-b143c00b23ed
Rare Blue Feather,5cd428c3-3e5e-4754-8877-82a49b803159
Rare Pollen,9380f1ca-0caf-4cc1-81b3-e7cf982db6c5
Rare Red Feather,3010157d-ac21-48de-97c8-923367db47a8
Razor Wire,ccb8a213-af6e-4f81-b078-e5e6d6a5b95e
Recurve Bow,dfc6f789-1995-4a4b-a9af-8ca6506153fb
Red Cap,c03fa552-e5e6-47f4-bb9c-c64b38782c1c
Red Dragon Eye,30f8857f-8bba-4e2d-9918-cffd2f3e1e3b
Red Dragon Scale,e0e8e1cf-7da3-44ff-b4c6-fab3e7d3859b
Red Drake Scale,db2f256b-96cc-4e30-afbb-4f43cf84f6a5
Red Spores,84d20d55-c253-41b2-b895-1d9ed7edd53a
Regenerating Brew,6ffa7c9d-5c82-43aa-a97b-5d2ebb486a25
Rejuvenating Brew,4d44a797-2088-4251-a753-9528eda921e7
Resolve,1689be66-0b31-4609-a56f-99a05f76388e
Ring of Alacrity,ac7e0b31-fe55-4323-9184-5ef192f23c59
Ring of Brilliance,e8168118-645a-4628-a770-a94af3544264
Ring of Cunning,ed21cc7d-7867-48da-a1c8-e1391412d58c
Ring of Haste,a3a16304-be21-4a8b-af29-083a652ceede
Ring of Power,792b4d9a-d1b4-42c4-9b60-5b80ffa6ceb0
Ring of Protection,c4094452-9052-436a-bf1c-1a28797b2da8
Ring of Vision,ae18fb0a-7c34-429b-ab71-6923c451de09
Ritual Blade,78d84a2b-bfd0-4671-ae48-146acc6b7448
Ritual Sword,04460aa5-d7d5-4582-96a0-8f2ec70ab241
River Moss,c92fb894-7e5a-4769-a0c8-e72ad512f6f8
River Salmon,19991d3e-d76f-4b47-9ce5-5bc434da0328
Rock Crab,17697a8c-3c73-421e-be46-4ffb4df21d2d
Rockbreaker,4025b7ce-7169-4df8-ae76-110e4e5c84aa
Rocktopus,5f446fff-4d59-49ac-9152-0671a55e9cc0
Roguestone,fddc0240-3da3-4757-b51c-7da81f1004b7
Rose Thorn,30361384-4147-49b6-a1f7-7b616a2eff6a
Ruby,d2eef6e1-6862-47a0-927c-40a93777062b
Ruby Battleaxe,009db18f-4b7e-4a81-a76d-dfbe1634433b
Ruby Glaive,e498702e-a5b8-4c78-9657-e0500bb25271
Ruby Halberd,95e800c5-2993-4988-bb0c-f952737285d5
Ruby Ring,11b28ab5-6e6c-4553-a74f-103e404ef4bc
Ruby Sword,73c9c45b-86f9-47ec-9163-35989d0c15eb
Ruby Tonfa,98b01ebd-d1b3-4462-9f5f-80b1b624bc65
Rusty Pickaxe,120b3060-6c3c-4cbb-8318-d96d8307cc61
Sabre,1cda7634-6e4b-49a1-bab7-2c10982482a2
Sai,7e4f98c0-84db-4643-9dec-996816898eb4
Sand Shark,eb8fd180-ddd9-429d-b103-74f6453ac34b
Sand Spear,3fb1faa0-d4d0-4557-ba64-0474896e2ca2
Sand Sultan Simitar,b23e5b30-7c7f-45dd-8b8a-798089e03b85
Sand Sultan Tunic,45c48be7-203a-4ef6-9e1e-22305f54a578
Sand Sultan Wrap,f5c26773-a1f7-4679-9984-ae48d1c39b2f
Sanguine Sage,9248d1ce-1d2a-4445-9a9f-a691e2a7fceb
Sapphire,4ceaeae9-8e34-41da-8133-38bc66f52bc1
Sapphire Cestus,151867d6-d8e7-44f9-b852-2b961403da26
Sapphire Claymore,3689eff1-4be9-48c5-8ed2-5648049f6f1b
Sapphire Poleaxe,7670ee1c-295d-46f7-9873-300671c94be8
Sapphire Ring,e677e026-006d-4f9b-8f86-88feb5eda56a
Sapphire Spear,56994571-2fc3-413d-881f-b9bbd2a6f325
Sapphire Sword,3c3223e8-adb8-4d2c-b557-a5404fac5ed4
Savage Shield,2aa80925-a154-4f92-abfc-1ede4cb70424
Scarlet Chapeau,e1ba826f-0bb0-4c8b-834a-a7252f3506cc
Scarlet Coat,d1f69713-7685-4f0c-adf0-52b4f16b8cc8
Scarlet Feathered Beret,1f0b587c-8341-42c8-86fe-7e4aa41e9de2
Scarlet Robes,af77bf47-82ad-4fe2-b3c0-391d2e26dff3
Scholar's Attire,05853776-7d91-46c1-b09f-182ecf304536
Scholar's Hat,4c167516-478a-49ab-bf17-1afdee99ef07
Scimitar,21017a6a-1142-4c4f-88f8-c28700e81957
Scorpionfish,79e42c95-0dc2-4656-bf98-e6b134982147
Seaweed,b656c430-4ce9-4e80-90a9-f652af52276f
Serpant Sturgeon,390d93cd-c3f2-4019-9c18-5a8e6beab5d5
Shadow Stalker Bow,778634a8-5fe7-4643-9ef9-9c47c8204c2d
Shadowstalker Body Armor,8648d21b-f1d1-4f1d-9f4a-063feb1c7a7c
Shadowstalker Mask,56a28469-3e7b-434c-af65-9ddd786bedaf
Shako,708a36f0-ddb1-48f8-b329-0ce4dc35da93
Sharpened Stick,349041e7-5d30-49c6-8a09-6defe5dc7430
Sharpshooter,dba29901-eb5c-4f62-b430-de8e25e93401
Shield Crusher,c3f2cae3-dd99-409a-a214-604c77363a83
Shield Flask,255b314e-a20d-4833-bd91-f0f2707ea5fc
Shield Turtle,2b22affa-4601-4742-b90e-a6d3a0d3d1cb
Shiny Blue Crusher,f0c5aad6-e9c5-4ced-ae65-e31222761412
Shiny Orange Basher,bbd61270-0d7c-4881-91b3-942c4f57eb71
Shiny Red Smasher,eb258185-4a02-4785-b694-1014dcc3ab18
Shortbow,8fb75457-2d89-431a-81a1-5fc354d17fc4
Shortsword,27b9d6fa-937d-4eea-a93e-b3276208eb1a
Shovel,82d930b4-abb8-4b1f-a591-7929375a0256
Siegebreaker,7f33cb1c-9eaa-4187-b21f-9ae3f529f412
Silver Band,8fb650e2-6e1c-4385-be9a-ba45156663cd
Silver Kite Shield,092c30b7-d6d6-43c8-81aa-1fa177a99617
Silver Necklace,242444c5-25be-4780-8439-ac2438566ae8
Silver Ore,757a465c-d492-4dc1-a41c-d6b026c0f87a
Silver Shot,e3efceff-0efd-4586-9941-d350694c6ee8
Silver-Edged Axe,0e260666-788a-4071-a2fe-3689803c6336
Silver-Edged Dagger,d8b91e4a-4889-4858-bffb-c94c28a32ef0
Silver-Edged Longsword,bf293d8c-3906-4a02-8a9b-9c20475ed1ae
Silver-Edged Shortsword,fcc44da3-aed4-49e8-9b75-1ca0b633f48b
Simple Hood,ee477b9f-3860-4636-8c09-10cdeab3f2d6
Simple Robe,4d405952-a3c9-482f-af8f-2d47fe2c337a
Sinister Sprout,b1d3aea3-1ea9-4d4b-b51a-e93c1b93f849
Skeleton Necklace,b034ab3c-a4eb-4253-abd7-42d19968fbd5
Skull Mace,fa583232-5e56-46cc-85b5-4df6e563bb8e
Sky Spear,9e601dcc-0f16-490f-947f-2e753e916706
Slayer Axe,8a12be36-608c-4dae-be09-ab2444f1dd4a
Slayer Blade,2ceddea1-782c-4250-965f-cd5c57dc8a0d
Slayer Mask,8a3ada00-b022-437a-a62b-2f7578f2a62e
Slayer Plate,273acfe9-41ff-4a88-88d9-f768a69def97
Sledge Hammer,95dfee73-19a7-46d1-b0f9-ada292b659db
Sludge Fish,aa1fe987-af4c-4d1f-b720-7d9bb0e877aa
Smouldering Hat,38225ac9-a3e3-45b8-a33f-d25b1a040670
Smouldering Robes,727df1ca-2a42-44b1-9fff-e4388b853fdf
Snow Crab,18beff20-fc91-4f8b-ba17-26d753041cbc
Snub Nose Musket,dce8da6f-b224-493f-9663-1ca2023dc1fc
Soldier's Axe,9ed34903-90e2-4e69-8c7a-0e09f9dbf62a
Soul of Fear,8264a4fd-48c5-4045-a10f-c257aa3cb50a
Soul of Light,edef2b8d-0a33-4fa8-8cc6-a46722e79227
Soul of Night,467840e1-17d3-4329-b1ec-5651ca37f3a3
Spear,7687ca0c-2cb7-46da-88f9-63d9601c6319
Spectral Hammer,09dc4cf4-b43c-460f-b0c8-44a6985bc75d
Spike Fist,c65e85e4-055c-4e67-9308-ccce8883fb57
Spiked Axe,7baab560-2e5f-49b8-85cb-1c614074dd43
Spiked Club,e8df0d86-3563-4483-9d76-0771109f8dcf
Spiked Collar,b218050d-8642-42f7-8e66-4dd52e046699
Spiked Mace,db3746c5-18ad-4119-bdb2-1e11deadc881
Spiked Ring,527d5bd4-a8b9-4c9e-b952-ea04465bb7a1
Spiked Rolling Pin,571a89bc-56ac-4132-a6b0-c7f9e621d319
Spikemail,b68ad2da-469a-453d-970f-8238ab1817de
Staff,4204aa63-6e6a-4c38-90ac-4e52c56694ab
Stag Helm,32b33b0e-0d45-4e29-a6dc-28f7b7a550f5
Stag Plate,a5f15b36-492c-4604-a38a-6f4e1ad0e3b2
Stalker's Bow,5fc4bebd-431b-4899-9db5-ff290d2c9757
Stalker's Hood,65cf52cf-290d-4294-8623-36a1974eb49a
Stalker's Leather,f21b3b16-9167-421b-8648-ff4d81cd3428
Starfish,ae4947e6-a021-41bf-8c57-cf88910e5c70
Steel Chain,f8ba2cf6-0247-4dee-9ecd-d1835a5cfa16
Steel Dagger,458ddee7-dd84-42c4-94f5-91cd7df99270
Steel Knuckles,2d01a293-d271-466d-9745-d841a1f02201
Steel Ring,ca60bbc2-5b91-4831-bcd9-e04af659ea62
Stiletto,35a50dee-239c-46a3-8dd5-34cfd0413683
Stone Axe,a4c8a97b-49b7-49ab-b39e-ba319780b9f3
Stone Dagger,e8534a75-14be-4185-8d3f-8b8496a7b6e7
Stone Hammer,de360b48-a300-4fd5-94d2-7608b3a98e61
Stone Wraps,9305a1ba-0233-4d74-b2df-0363a6e08557
Stone-Cleaver,9aaf992a-62c2-463b-a7da-78eac915756d
Stonefish,01cd1be2-04f1-4436-a939-d5858615b0cb
Straight Sword,876d0580-b3d1-4323-b1e0-40a1d9587502
Studded Leather,0688b7d0-be5d-4e59-b5b2-444aadc5a3ed
Student's Gi,3a3f0206-b830-4909-a0ee-01484f29c83b
Sugar-Brier,97f7f1d9-9bb8-444b-94a8-225c696e447d
Sultan Sword,b8e57130-8c7c-4593-ab31-f096ac549596
Summoner's Hat,f377a73b-76ef-46b5-9f17-aacedea1c779
Summoner's Robe,f91fa7a6-1bd1-448f-9bda-c7066dc3859e
Sun Staff,d8f2cd62-a59e-4d44-a978-e9b96d7f04cb
Sunflower,f94b7ba7-286c-43db-ab5e-c0e8814fa7f2
Sunpetals,c62d0061-dca6-4793-a551-dad2fd6ab9bb
Sunstone Necklace,b7cb5cae-7491-4ee8-8dae-dbb996b537ca
Sunstone Ring,a975b2c4-d231-4f95-8664-4245b0de4360
Sunwalker Hood,fa8983e7-cdc0-45c2-aa5f-2e599eeeddd1
Sunwalker Robes,25da2939-9122-4095-9eec-a556c6fc99d3
Super Healing Potion,4d89ffe3-f7b8-491e-9091-2587ef453cf9
Super Mana Potion,b6b229af-f82f-45a4-b87c-d3f426e9c02a
Swashbuckler Vest,eacd65f9-5377-4472-99a6-c0789bc4b8b8
Sword Guard,02c79945-7223-44a3-bfe8-fb4a7d273096
Talon,47686e4d-41c3-492f-97d7-c62e445912e2
Thief's Blade,d95e2c39-e5e9-4965-bd27-38d277c8fad6
Thief's Garb,b42d89e0-00d2-4bb0-b000-747231e059bc
Thief's Hood,dd7887bc-8058-4d65-8427-678c00c178dd
Thief's Ring,e093901b-604a-4a1c-af9c-dcce1000a51c
Thorn Shield,7d7e6f5f-02fa-43a1-9b22-37c2ea99779f
Thunder Core,9dfd265d-b035-44d2-8868-95403a8fc4e5
Thunder Grasp,05b75320-f059-4f36-9a1c-fc406d68f6f4
Thunder Hat,d914df39-7b99-4ef6-8454-58e0f87e07ee
Thunder Pipe,4e3d63b0-ab67-45ef-bf08-bbb51f07f9de
Thunder Robes,31a947b9-ce84-467a-9532-8c8386347a66
Thunderforce,96fc16ee-ea8e-4966-ba0f-d1f30b6141b7
Thunderstone,16b3b610-07e4-41f1-aa4e-b8d002191bf2
Thunderstone Ring,588e9313-1cc1-44be-bc83-33dde21d8907
Thunderstone Staff,7db06344-2f62-4ed3-859d-847dddb2fce2
Titanium Band,8555fd28-35df-440e-8184-bbca928dbd5e
Titanium Chain,117325ba-3073-4c7d-b8a1-2c1e72febade
Tlaloc Garments,47b22cd3-6f59-41e9-b2dd-97657b6b7ec3
Tlaloc Horns,fd031969-a705-4bee-a759-f740851aba1d
Toadstool,dbcfb8fd-5805-46a6-a21d-1fb6f20f0b99
Toga,e0489d06-271e-4dc4-bd97-3f8499057e35
Tonfa,8a107032-de45-4c68-b1ec-c66e5ddc741d
Topaz,e16336d9-eddb-45f9-a79f-c7f161f03077
Topaz Cestus,aff3bb36-bef0-4b73-8e26-bb823a8328ad
Topaz Greataxe,e628346d-78b3-49ae-8065-4144a78d5e55
Topaz Greatsword,5cb6b10c-34a8-4515-acef-e2f0d8f0f120
Topaz Polearm,4430bd38-5cf1-4ab4-bb0e-936aa62d77cc
Topaz Ring,aaaf2368-e481-4791-a910-69ce73c43c8b
Topaz Sword,8e7de796-acad-4078-ab17-3bedb7f9e9a0
Topaz Sword-Staff,b338b46f-c456-49af-bb14-212417135c4a
Trainer's Band,f93bc302-dc0c-4227-85f7-440d49523686
Trainer's Pendant,c777df06-ef56-42dc-b6c7-67082a47b9b1
Traveler's Coat,dcf2e1c4-8afe-4434-85cd-febcd938721b
Traveler's Hat,e6614fae-dee8-4996-a982-b5fdfb5d98f6
Traveler's Robe,dfa2eb8d-33eb-4ce5-a78f-85e9c7d210ee
Tribal Guardian,bec200f9-6400-4ccf-afa3-84913e6491a0
Tribal Headhunter,5369a546-1fc7-4c22-8be8-0c1e6e98f511
Tribal Shield,50f1a803-0bc5-45e6-b8b5-f9e310fa0ecb
Trophy Hunter,26f1e667-b12b-4767-840f-3c740f1ea3e2
Tundra Helm,5275bec5-bb26-4d84-88ec-c21a740af6df
Tundra Regalia,bd2690de-2d2c-44a1-b7e6-d99b406369a4
Tungsten Choker,10baad46-fe38-43b0-9524-3b45d5814295
Tungsten Ring,8c61488d-644c-4423-a729-66a0728efbde
Tunic,f9a63ed6-ab9c-477a-aeae-137ac55a96ef
Turtle Crab,9a156d0b-bb64-4a4b-875e-6bd40c906c88
Tusks of the Father,e95eb7da-17be-4e65-8878-800926eb1e08
Twisted Dagger,9a974da4-bd75-443a-af6f-3d289dc0746c
Two-Handed Axe,ad64e964-8705-4241-953c-0ceff2acf6e1
Unidentifiable Remains,8b5bee84-bb76-42ae-8ba4-21df685b9249
Valler's Pocket Watch,b20202c9-35eb-4597-959e-36b21ac6ce7c
Valuables,27867f3e-c593-44c6-97a7-e10f0d3220b7
Vampire Blood,2f1c7832-333f-4143-924b-50b98921d172
Vampire Fang,019311cb-0934-4f1b-a1e0-22922e88dbc2
Vampire Fish,5390ef3a-b467-49fd-920e-90bbd3d3b079
Vanquisher Blade,e87c7092-9108-43c1-b96c-30efa8f7bfc9
Vanquisher Sword,e00d3e47-e742-4d40-aec9-a3e2456a2444
Vial of Blood,d1633e48-85b8-406e-b5e9-077e86e72997
Viking Axe,9f7c2428-4fc2-4a8e-8bbd-8ef539909c22
Viking Hammer,453c3d68-5584-4e5e-aa1c-b822e0211540
Viking Warhammer,c90b678b-e59f-4d98-94ce-d9330c0f8238
Violet Cap,4fea46dd-7af9-4314-95a1-066651cbca0e
Violet Coat,1f6589b7-b895-4f8c-bd92-a8e19633a2c4
Violet Feathered Beret,c19efd44-f9dc-4117-b3ee-c74d9afd2e6c
Violet Robes,c217f660-8bad-4e02-b95f-8ea28b88c2fb
Volcanic,c36c8374-48b4-463e-a8d3-d062331f1063
Walking Stick,93591ba4-b712-46a9-8459-5cab764f7425
Wand,5a26cf27-8d9d-4182-bb7a-f7686d8c3704
Warding Amulet,01b7f0fc-fc53-49e8-99d4-0b66d8d6bf22
Warding Ring,82068213-3c83-4d40-82b7-6559f87b8ed5
Warding Tonic,49ececb6-bc62-4ce5-8621-fb55e1e33da6
Warhammer,1a776cda-3094-48d1-b7c4-dca67a188f8c
Warlord Mantle,16ffa1f5-7a71-405f-9d04-acd83fc78d95
Warmachine Gauntlet,f6fcefab-1079-4ec2-a690-cb1ad9858ce5
Warrior's Path,1c886e83-f57f-4a69-9543-cd08310e4d3f
Wedding Band,f10443d3-bb2e-43c3-90c9-735c23af518c
Weight of the Void,d65adaf7-758d-4430-bfe3-f8b02a31cff6
Westarch Defender,fc32b3a0-5f6b-40b8-848f-72da262ebc46
Wild Soul,9c61bc8c-8d66-404a-9cdb-cb39b90611ec
Will to Survive,dcd7238c-2883-4dd4-b9b3-6be4954fdfe9
Windstrike,4c6f9635-ce37-43da-a511-e525f525a399
Winged Axe,ab8254a1-ddc9-4f78-9413-64e6468b4cb3
Wintercrest,c111f6ab-72a2-40ed-b57d-1b7943ffb372
Wisp of Shadow,13c242f5-bdbd-4d18-85b2-74da52570267
Witch's Broom,cb58d008-a9cb-4fce-a11c-cf3e1853e7cf
Wizard's Hat,5b17fe3b-9c40-412a-a593-8a2c120df79f
Wizard's Robe,ae199c9a-e7bc-4409-9cee-1f868b7af087
Wolf Charm,b4dbe2c1-d750-4ec2-8636-56c0bef964dd
Wolf Fang,796b96b3-55d9-497d-ba7b-f4ad7cfe3812
Wolf Pelt,a619a24a-0679-49dd-b15f-602578a34d0f
Wolf-Fang Necklace,21f54fc7-82ee-435d-b0e3-a695aca74073
Wolfshead Hood,18c27ca7-77fa-4686-9c05-ec4f03c6a370
Wooden Buckler,cf4ea183-4e18-402b-8a47-b8c3721f4133
Wooden Heater,344d5e51-2f52-4024-9899-48b22ff3b979
Wooden Mallet,d88a2e1a-5e0c-4a19-8403-07dc0db0a60b
Wooden Rod,6f6a43a5-1802-4d4d-8463-88277bbe3425
Wooden Round Shield,c478c9b3-d3ba-4959-bcc4-38a5e3bef66c
Woodland Helm,7f2c5eb3-0aec-45e7-a3a6-dfc19303ca3e
Woodland Regalia,b66bcf76-2901-4219-aec1-fb840edf3d90
Wrecking Ball,1d5f4424-196a-4cf6-bf1c-e00b73cab7c1
Yari,ace6f028-efa5-431a-9fa2-01de6328736b
Zweihander,7d55caa7-5f8b-4255-b99f-40738c9323bd
