"Name","GUID","Type"
"AbilityPower","736e0afb-5c90-4067-b2e9-27770b5f8bd1","CharacterAttribute"
"Abyss","822d3bb5-05ff-4f6a-b5dc-fed2be34709b","CharacterAttribute"
"Acid Spit","3f6d150e-d18c-4464-869a-fe5aba0efcdc","SkillInfo"
"ActionPoints","3fee552f-5899-49f0-9679-7526657416d1","CharacterVariableAttribute"
"ActionStatusDurationModBeneficialSource","2d8d6d24-a19a-494a-b6c8-37797a2395e7","CharacterAttribute"
"ActionStatusDurationModBeneficialTarget","277a6457-5673-4caa-a04c-5a77aac60d12","CharacterAttribute"
"ActionStatusDurationModHarmfulSource","07ddb322-d1a4-4ec5-88c7-1fc1f57897d3","CharacterAttribute"
"ActionStatusDurationModHarmfulTarget","f25a8962-77ca-493b-ace2-3da70c90c2f6","CharacterAttribute"
"AdditionalRoguelikeAttributesPointsPerLevel","1cf764c7-1ffc-4165-a1d7-18887985fa8b","CharacterAttribute"
"AdditionalRoguelikeSkillOptions","4d8a59b4-bddd-49af-b7f0-f7876021be47","CharacterAttribute"
"AdditionalWeaponDamage","5ece5496-dac3-4612-912e-f14b536ed8e8","CharacterAttribute"
"AiControlledPlayer","44a1b9b7-f055-4096-bd3a-3092e3444322","CharacterAttribute"
"Ambush","94d16e6c-a08d-4c6e-9f99-fa41a246d38d","CharacterAttribute"
"AnyBlock","841d36ee-f5b2-4719-9594-dfd7f13af765","CharacterVariableAttribute"
"AnyShield","eed71b3c-9625-4952-be21-ddd7a9bc38e4","CharacterVariableAttribute"
"APCostMod","71c85155-91fc-4ff6-99e6-64a0c0b26a2a","CharacterAttribute"
"APCostModBasic","d7ad5021-148c-4bef-a018-714a67142f24","CharacterAttribute"
"APCostModCold","929749fa-7e5b-4e6c-aa2f-d9132c4e7918","CharacterAttribute"
"APCostModFire","342a4123-4729-43d0-8287-f3ee8f63b23b","CharacterAttribute"
"APCostModInnate","364bfc34-f4ba-4526-893b-dc7a3e03569d","CharacterAttribute"
"APCostModLight","735cd673-aa39-4cb3-84d7-0ddcf55438ae","CharacterAttribute"
"APCostModLightning","b3a50952-869c-4614-8831-8cec58a714fd","CharacterAttribute"
"APCostModMonk","3fe0f17d-d9fb-4551-9211-d513f6a3212a","CharacterAttribute"
"APCostModRanger","10cd056e-4408-486f-bf8e-9e3affefd0a2","CharacterAttribute"
"APCostModShadow","6373cf91-3a60-4025-80ef-0a19701efb2f","CharacterAttribute"
"APCostModThief","1f271125-7bdd-4310-a02a-991e68de23b1","CharacterAttribute"
"APCostModWarrior","6a8c0e0c-658a-448e-9d8a-01732e419e0a","CharacterAttribute"
"Armor","8d283c8c-162b-4b82-b028-14a565a3e0c8","CharacterAttribute"
"AttributePoints","5996bc49-f493-4ff6-9f1f-467ab1764a54","CharacterAttribute"
"AvatarOfFlame","9dae23b4-7ece-4188-9705-d98b899729b2","CharacterAttribute"
"BallLightningAmount","dac9c47c-9cfd-4324-957f-ccd5392a1f0b","CharacterAttribute"
"BasicAttackCostOverride","d301c7bb-0e65-49bc-8da1-246969a599f1","CharacterAttribute"
"BasicAttackCostOverrideValue","ad911261-3b9e-47da-91c5-95af0becb5d7","CharacterAttribute"
"BAS_Melee","008d709a-5047-4863-a9cd-3749d16cbe4c","SkillInfo"
"BAS_Melee Greater Werewolf","9f44934a-d79b-46be-9fc2-8debd9bf4cd0","SkillInfo"
"BAS_Melee Werewolf","aeda6f75-cf19-4897-8f6b-e146bffcfb0f","SkillInfo"
"BAS_Melee_Healing","862e939c-d475-4337-8b49-2fb5739ab7da","SkillInfo"
"BAS_Ranged","2d867f05-d299-418f-9924-b88b3112d243","SkillInfo"
"BAS_Ranged_Healing","cf4fdfdc-da16-44d7-9419-05059b6c22e1","SkillInfo"
"BAS_Staff","c0acb8bd-71ad-4ca5-a5df-51bccdb8d4c5","SkillInfo"
"BAS_Staff_Healing","1d38f72e-162f-4ff6-97a0-66b719709972","SkillInfo"
"BAS_Unarmed","9d48e6f2-b1e2-43cd-a6e4-448ae0f77a8f","SkillInfo"
"BAS_Unarmed_Healing","f1a8402b-e82d-453e-8d0f-50d347122172","SkillInfo"
"BattlePointValueMod","b009fc64-f480-4ff6-abbe-2b75547824b7","CharacterAttribute"
"BleedingDamage","bf4e0d07-1d36-4c44-b3a5-806a0abb8909","CharacterAttribute"
"Blind","de0e42b7-a78d-4160-8a21-5fc99288613a","CharacterAttribute"
"BlockAll","2a69a352-93c4-4c30-a767-17d6f0e49d8a","CharacterAttribute"
"BlockCold","8f036797-d32c-4375-a978-47d17469a23c","CharacterAttribute"
"BlockElemental","4449d026-64be-4a07-8d10-bc32c44a7d1b","CharacterAttribute"
"BlockFire","b80f0af4-eb46-4177-a653-73352803020b","CharacterAttribute"
"BlockLightning","7ca988c2-5663-494d-8de1-e4e0aefad76c","CharacterAttribute"
"BlockPhysical","63978e62-3ea1-4ddb-be83-2281d3582b45","CharacterAttribute"
"BonusActionPoints","f3b8f912-51ba-4302-843f-27241b93c2c0","CharacterVariableAttribute"
"Boss_Haunt","b5b6e6c2-2de6-4751-8713-4844a788eda7","SkillInfo"
"Boss_Tainted Touch","f4130c77-6530-4d7b-a0fe-5a875bd65066","SkillInfo"
"Boss_Tainted Touch Baron","6f45799d-b5bc-4346-9c35-b6d733966907","SkillInfo"
"BraceForImpact","175020f0-e16f-4e44-91c6-90b2bc377bf2","CharacterVariableAttribute"
"BreakTheIce","92effb92-c184-4023-b34c-b04693eae26a","CharacterVariableAttribute"
"Bristles","b3d3a687-a48c-490c-adfd-1da67ed7584b","CharacterAttribute"
"CallOfTheGrave","42af6cde-c08e-4806-95f7-ac190a45d1e1","CharacterAttribute"
"CallOfTheWild","9ef3555b-9b62-4892-b9e0-e5116b0233d4","CharacterAttribute"
"CanDualWieldTwoHanded","a0de1395-a76e-402c-ae01-60e450772a95","CharacterAttribute"
"CanEnrage","f606a1ca-9d99-405e-a1d2-b5a6c83f6901","CharacterAttribute"
"Champion_Mass Thunder Bolt","6e20a3cd-c108-4036-8b67-bdd89c9e394a","SkillInfo"
"CHAOS_1_A1_Switcheroo","14ac1be9-5d84-43ef-8916-684ffc382d6e","SkillInfo"
"CHAOS_1_A2_Chaos Crash","c3994cc8-2434-47c2-9edf-505a18032c08","SkillInfo"
"CHAOS_1_A3_Chaos Curse","a4f7b6ad-c1ce-45b0-9bf1-0110e5ede677","SkillInfo"
"CHAOS_1_A4_Telekinesis","f8acf9b3-65b9-48d5-a2e7-555019143e4d","SkillInfo"
"CHAOS_1_P1_Omnism I","922a71d3-2ba7-4ad1-be99-d4a05ee2d4d7","SkillInfo"
"CHAOS_1_P2_Sustenance I","b0c4e385-309e-4e1c-9629-cb74003ff290","SkillInfo"
"CHAOS_1_P3_Disruption I","8431592e-f14e-4e4e-99f9-7d701d160a37","SkillInfo"
"CHAOS_2_A1_Helping","afca6d5f-1259-46f0-b6b2-ff886b117036","SkillInfo"
"CHAOS_2_A2_Hurting","fc596611-c9a0-4066-a5dd-2041ff116839","SkillInfo"
"CHAOS_2_A3_Chaos Cut","1b34defd-48ab-4374-a61f-d42c26edc240","SkillInfo"
"CHAOS_2_A4_Magic Hat I","39da7bfe-62a9-42c9-b6c6-440803a481c5","SkillInfo"
"CHAOS_2_P1_Omnism II","83da8365-956a-4d96-a7d2-4b91dea1c27c","SkillInfo"
"CHAOS_2_P2_Sustenance II","ad41f5ac-7da8-4b40-b245-858d3c233159","SkillInfo"
"CHAOS_2_P3_Disruption II","2ad638af-ade9-4047-9bfb-0bdea0b2e4ba","SkillInfo"
"CHAOS_2_P4_Displacement","21da733a-81df-43d4-ba18-2ee0d7a7148d","SkillInfo"
"CHAOS_3_A1_Chaos Cloud","b7623568-8a0e-421a-a9fa-a2e16a695f82","SkillInfo"
"CHAOS_3_A2_Disperse","cdbc5288-d379-4256-8d2f-20c2e71bb77c","SkillInfo"
"CHAOS_3_A4_Magic Hat II","490820d0-5c0d-4cb6-b6a9-861be353c1e7","SkillInfo"
"CHAOS_3_P1_Variety I","d0081046-c138-449a-a9a8-1af95742348e","SkillInfo"
"CHAOS_3_P2_Affinity","ec7bba0a-75d9-4646-ad4c-0267685eada1","SkillInfo"
"CHAOS_3_P3_Aid","9030db1e-ca83-43a1-87f3-5d8dd75c712a","SkillInfo"
"CHAOS_3_P4_Harm","adca2a3d-dfb9-496a-9937-345c8fd286e7","SkillInfo"
"CHAOS_4_A1_Benevolence","56f9fd71-921b-4667-95d9-84f48848c39e","SkillInfo"
"CHAOS_4_A1_Touch of Chaos","c5fd69aa-49f2-4c3d-ba28-7db2cb1638fa","SkillInfo"
"CHAOS_4_A2_Malevolence","910725e7-09f1-4c8d-88f5-c7771cc8f748","SkillInfo"
"CHAOS_4_A3_Chaos Touch","cbab3dc9-5461-4441-933b-63e139ed3b7c","SkillInfo"
"CHAOS_4_A4_Magic Hat III","61fb3f6f-619b-4c40-9bb7-959602ceedcc","SkillInfo"
"CHAOS_4_P1_Variety II","84efd1f5-d6d5-436e-ae82-c5da0515c1cb","SkillInfo"
"CHAOS_4_P2_Fabricate","395e049f-cb56-4cc4-93ac-ac5a539de9fd","SkillInfo"
"CHAOS_5_A1_Chaos Crush","fb51cb55-667c-4fc2-8133-fe6ed849641e","SkillInfo"
"CHAOS_5_A2_Replicate","aba3d603-6b30-464a-b07f-9ae52a59d914","SkillInfo"
"CHAOS_5_P1_Reverberate","9c4a6fc9-b7c4-4f59-ae41-111b0c2cbcac","SkillInfo"
"CHAOS_5_P2_Perturb","d9fdbc0b-b2a4-4421-b9d2-5fc851a2d5fa","SkillInfo"
"ChildOfTheAbyss","db64adc4-ffb3-4d8a-801d-56b3af230e04","CharacterAttribute"
"ChilledDamageReduction","c70182fb-c469-4af8-95d7-1bf232759990","CharacterAttribute"
"Coin of Chaos","b9dc8396-c41d-436a-afb8-2e9b952e4cae","SkillInfo"
"COLD_1_A1_Frost Shard","d5ad8e29-3044-4448-9437-0caf985ea0a8","SkillInfo"
"COLD_1_A2_Chilling Strike","77fe40a7-9103-4178-8abc-8853d5ad3030","SkillInfo"
"COLD_1_A3_Frost Armor","2208fbbd-9850-4ab8-b79f-4890df3df20c","SkillInfo"
"COLD_1_A4_Freeze Earth","9dc01e66-033f-4253-b592-600ccd1ee086","SkillInfo"
"COLD_1_P1_Frostbite I","d8150318-0785-4e4b-a498-3309785b4818","SkillInfo"
"COLD_1_P2_Crystalize I","73f8d326-da19-4833-9d8e-37bef6108719","SkillInfo"
"COLD_1_P3_Frost Borne","72cb11ac-9b05-498e-b70f-277483276962","SkillInfo"
"COLD_2_A1_Frost Nova","58e5745d-97e6-435d-9cc3-32ba40624c70","SkillInfo"
"COLD_2_A2_Ice Lance","a01976e1-79bd-4b7c-b5ad-5d00d831dbaf","SkillInfo"
"COLD_2_A3_Enchant Cold","ec47077f-c7e0-46a8-919e-355574736558","SkillInfo"
"COLD_2_A4_Deep Freeze","89b80d70-2371-4ba1-a442-0874f08501c7","SkillInfo"
"COLD_2_P1_Frostbite II","e0c03c2e-91d4-43f4-a9eb-bca37a15531f","SkillInfo"
"COLD_2_P2_Crystalize II","3191db14-dd9e-41ad-a57d-582edb939bc4","SkillInfo"
"COLD_2_P3_Break The Ice","27017ff7-2c25-4374-97fd-dd8ce0c98d9a","SkillInfo"
"COLD_3_A1_Frozen Spikes","76acf606-9f9a-4a69-b535-53181edb48f4","SkillInfo"
"COLD_3_A2_Ice Wall","7e6703df-535d-48d9-9fa4-f8f110f3ce66","SkillInfo"
"COLD_3_A3_Breath of Winter","e5467ec0-99ad-45b4-85d2-463450c3cb5e","SkillInfo"
"COLD_3_A4_Aura Of Frost","4a94cc56-f32a-4773-ba12-0827b5808c70","SkillInfo"
"COLD_3_P1_Cold Blooded","9dd4c4d5-ee58-4024-9315-000ce9f1e999","SkillInfo"
"COLD_3_P2_Diamond Ice","3f4a5063-576b-4f12-8e8f-10ba9ddbb4df","SkillInfo"
"COLD_4_A1_Stasis","778a1e3a-907d-4926-aad3-921a9cdb2f3d","SkillInfo"
"COLD_4_A2_Ice Storm","48f86c3e-1b84-4137-bbb5-fde153b9c1b8","SkillInfo"
"COLD_4_A3_Brain Freeze","c311cbb4-a500-4e09-92f8-94bd89077ef8","SkillInfo"
"COLD_4_P1_Frozen Core","4e5e30b7-845b-4631-86ea-7ec768fa17ef","SkillInfo"
"COLD_4_P2_Invulnerable Winter","c4ba0e93-b273-496f-adb0-e22d9b360c41","SkillInfo"
"COLD_5_A1_Mass Freeze","0b79d5cc-d5a6-443f-9d82-f6af10ef03c5","SkillInfo"
"COLD_5_A2_Chain Frost","b23ba4f5-c901-432c-b0b7-8462836f5a98","SkillInfo"
"COLD_5_A3_Shatter","2fdc07c4-f235-47a0-8675-70bc7da2d682","SkillInfo"
"COLD_5_P1_Master Of Ice","559550e0-885c-4b8a-b34d-a6a1107e9fc7","SkillInfo"
"COLD_5_P2_Icefall","dae8969a-3ea5-4361-a0aa-8d87021a0b9a","SkillInfo"
"Colossus","3871b31d-f83b-4110-9856-d24bca131db4","CharacterAttribute"
"Conduit","bec1546f-f778-43d2-b1f4-e8c9aa408415","CharacterAttribute"
"ConsumableCooldown","a7ac087b-b337-434c-b1d7-cc935dad3c03","CharacterAttribute"
"ContagionLevel","a630ac31-e804-47c5-adbc-c918a896d2e2","CharacterAttribute"
"ContagionSource","a2521a8a-0001-4084-b980-aa091d1e7bda","CharacterAttribute"
"ContaminatedWound","9da1b386-cbcd-49ee-bc52-2f6134548db1","CharacterAttribute"
"CooldownMod","a267d517-3b3a-401e-8226-7bda8ec8f556","CharacterAttribute"
"CooldownModBasic","5791a368-fe6b-4177-981f-ebf9c1631bdc","CharacterAttribute"
"CooldownModChaos","1e937c93-b4ba-4dbe-8165-e18da52a55cf","CharacterAttribute"
"CooldownModCold","6bab4912-00c5-45ff-8635-119a2b874b24","CharacterAttribute"
"CooldownModFire","b46b95e0-c7fe-4cc4-9862-90b462d56c9c","CharacterAttribute"
"CooldownModInnate","68aeb534-0ccf-437d-9d51-590e49dc6efd","CharacterAttribute"
"CooldownModLight","17e3d431-fffb-46af-96c9-71dd7e124cfb","CharacterAttribute"
"CooldownModLightning","6c6b1b8c-7455-41df-9aca-d7b5bea76de3","CharacterAttribute"
"CooldownModMonk","a160b052-dc6c-4194-ab98-f1d8502aee6a","CharacterAttribute"
"CooldownModNature","715aa779-8a14-4db5-bb91-7278032d738f","CharacterAttribute"
"CooldownModRanger","6a747892-50e6-43a3-b048-446e80af95c2","CharacterAttribute"
"CooldownModShadow","bc059871-077f-4fc7-88e8-037738be459a","CharacterAttribute"
"CooldownModShapeshifting","6c0f42ab-f380-4590-a184-0e42a4cfe0cc","CharacterAttribute"
"CooldownModSummon","9a92972f-4d06-4efd-bb29-78b7445a25d7","CharacterAttribute"
"CooldownModThief","139d07ba-e1c2-4d8e-a5be-d2204f8d04d8","CharacterAttribute"
"CooldownModWarrior","d6e2804a-3d19-454a-9c1f-a5b411102276","CharacterAttribute"
"CounterAttackDamageMod","0112a561-dc68-4e98-b9dc-dd2dce2b39a9","CharacterAttribute"
"CounterAttackDamageModFromReflex","36d4cf4e-341e-4eb5-8f71-bfcd72dc92cc","CharacterAttribute"
"CounterAttacksPerTurn","9ac435a6-3c91-434e-84ab-e0b9e655fefa","CharacterAttribute"
"CraftingExperience","3b4e1c7e-e61c-430e-a838-5a65044d4c15","CharacterAttribute"
"CraftingLevel","17cdecb2-4bd0-4bf9-8f89-ad45f1a19d81","CharacterAttribute"
"CritChance","ba3c8186-c9eb-4650-8e87-e07eefc663c4","CharacterAttribute"
"CritChanceTarget","3d39ed58-1773-41b5-9723-73349aa0c9c9","CharacterAttribute"
"CritDamage","7875c048-078a-4d1a-a5c1-cc5ec20abf29","CharacterAttribute"
"CritDamageCold","35eadd16-4350-4ada-8e90-54d0e1b3beec","CharacterAttribute"
"CritDamageFire","92ab60b9-9e92-40dd-8215-d8c611556325","CharacterAttribute"
"CritDamageHealing","26083db5-f305-489c-bd68-3bc8d8d67821","CharacterAttribute"
"CritDamageLightning","90d09660-40d9-4cce-acba-a65986a30a50","CharacterAttribute"
"CritDamagePhysical","4d6cadb6-9443-4611-904b-44b12dee87ad","CharacterAttribute"
"CritDamageShadow","9ec6aa3e-53ef-481d-a90e-0879b2f71490","CharacterAttribute"
"CritDamageTarget","4dfaeb4b-0dec-4d75-96c3-5bbb6981a851","CharacterAttribute"
"CritDamageTreeBasic","e8910f84-699d-4a89-81a2-6d51605f2a6c","CharacterAttribute"
"CritRating","f6801929-7352-4a5d-b914-d3985de91ff3","CharacterAttribute"
"DamageFlatCold","3703bae9-b9f3-499c-8ef2-0eb764225496","CharacterAttribute"
"DamageFlatColdTarget","e21a9497-9a39-4def-8755-9fe5b619f89f","CharacterAttribute"
"DamageFlatFire","f1364726-770e-44b2-9b4b-8e866a306ee5","CharacterAttribute"
"DamageFlatFireTarget","f096fff9-d1d1-42b6-a979-96fb224c366c","CharacterAttribute"
"DamageFlatHealing","8aadcdb6-d4cd-4a8d-b2ab-319bddcd20fa","CharacterAttribute"
"DamageFlatHealingTarget","e2f48280-850e-4106-9c2a-893608290807","CharacterAttribute"
"DamageFlatLightning","5c56bbd3-85f7-4b62-91a2-723e2e755c1d","CharacterAttribute"
"DamageFlatLightningTarget","0aca0409-5c6a-467f-96c7-9e17df51f016","CharacterAttribute"
"DamageFlatPhysical","af71f47a-8729-4898-94c7-ab919b0abe16","CharacterAttribute"
"DamageFlatPhysicalTarget","95b06cd0-4a73-4f8f-979c-02b59b238f1b","CharacterAttribute"
"DamageFlatShadow","9bfb34a9-eda8-4366-a784-085583fc7256","CharacterAttribute"
"DamageFlatShadowTarget","91cb3003-86c6-48e4-b887-df1ada54f009","CharacterAttribute"
"DamageMod","770dfe0e-6bd0-4952-bd52-aac0fa029f49","CharacterAttribute"
"DamageModBasic","a314fe36-f81a-4008-8336-5ca3847b1c57","CharacterAttribute"
"DamageModCold","abfceda2-100c-4622-afcf-9170ed803ef6","CharacterAttribute"
"DamageModColdToFrozen","ebf3d9e8-8e98-4095-b5b7-751ea0d85b39","CharacterAttribute"
"DamageModFire","fd67216e-450f-4a3f-8463-6bb6cb347c0c","CharacterAttribute"
"DamageModHealing","f2670144-882c-4b19-a1ae-968908caa957","CharacterAttribute"
"DamageModLightning","284061b5-449e-4824-b2d3-2ce8bed5c332","CharacterAttribute"
"DamageModPhysical","706721c1-e82c-4694-ac7b-92397c1e9ca6","CharacterAttribute"
"DamageModShadow","4c572d14-09e2-42ad-a112-99126c3af306","CharacterAttribute"
"DamageModTargetBasic","25a1d117-3353-4417-a31a-0e1873a7a412","CharacterAttribute"
"DamageModTargetCold","0dfa57a7-eb9b-4cfb-b6e7-48de6a29f6ed","CharacterAttribute"
"DamageModTargetFire","bee5ffbc-0a92-4d55-8196-a96c9d561b69","CharacterAttribute"
"DamageModTargetHealing","1b5a038b-3e05-45c0-a43b-1f387362060b","CharacterAttribute"
"DamageModTargetLightning","365d0a9d-6c4c-4654-bb13-7a0094709002","CharacterAttribute"
"DamageModTargetPhysical","714828cf-babe-4001-9791-afe0ec219819","CharacterAttribute"
"DamageModTargetShadow","21d667a8-80c8-4e27-bb50-19b461ac35fe","CharacterAttribute"
"DamageReduction","6fd348f7-70c4-450b-b7d5-3ddb3d558d2a","CharacterAttribute"
"DamageReturnedCold","765c9232-f365-4e47-b712-e317c161141d","CharacterAttribute"
"DamageReturnedFire","65aed952-b8de-4e80-b9ea-a4118785982c","CharacterAttribute"
"DamageReturnedFlatCold","36516280-2b19-4fed-b28e-ca41ec1c8e3f","CharacterAttribute"
"DamageReturnedFlatFire","5d74b387-5c01-4314-b426-dbb0880dfd49","CharacterAttribute"
"DamageReturnedFlatLightning","2e2ea183-76bb-4a63-9bc2-28172b7ce65f","CharacterAttribute"
"DamageReturnedFlatPhysical","a47376d8-3586-4e7e-ae69-6a129be5d3e2","CharacterAttribute"
"DamageReturnedFlatShadow","c30f0f92-3dac-4de8-b825-5b096b584713","CharacterAttribute"
"DamageReturnedLightning","1d910821-9f13-4045-9e0f-94c463db0359","CharacterAttribute"
"DamageReturnedMod","e0833bc4-3cb5-4715-8cfa-3ca6cf05b53d","CharacterAttribute"
"DamageReturnedPhysical","349d607c-97cf-4eac-88e4-9f2434560d08","CharacterAttribute"
"DamageReturnedShadow","f9eefae4-5f57-44f9-85e6-f7c2a97c136c","CharacterAttribute"
"DamageReturnedToMana","5e10fb3a-7d03-456f-ab16-602ea55784ca","CharacterAttribute"
"DarkRitual","f802966d-b11a-4248-ad86-45b3361ced61","CharacterAttribute"
"DarkRitualedRecently","c2f5aeb4-cf59-43fe-9abd-d29e358de3cd","CharacterAttribute"
"Dexterity","c4e3e220-9ed2-456e-8e03-e16656327c54","CharacterAttribute"
"DexterityBase","a62aab5a-db9f-45be-a243-2ab12a7c80db","CharacterAttribute"
"Disabled","e41f0078-cbc5-4cf1-bb8a-5b32431a7579","CharacterAttribute"
"Dismiss Shapeshift","b682b407-2da2-4586-af4e-05b2bd5318cd","SkillInfo"
"DodgeChance","899a3ab7-19a0-4028-82de-0a1875f59887","CharacterAttribute"
"DodgeCounterChance","825a45f4-abd1-4fc1-84aa-fdba6ba18ba0","CharacterAttribute"
"DodgeRating","eefff790-4d7f-433e-aaa1-38c6af77de92","CharacterAttribute"
"Dragonkin Black","37af7274-087e-46f7-8a32-4a9966720978","SkillInfo"
"Dragonkin Fire Breath","8b01a130-c81b-455a-9437-cc59e2f3326d","SkillInfo"
"Dragonkin Flame Slash","3e463301-f301-49b5-93fa-ccb5889387c1","SkillInfo"
"Dragonkin Frost Breath","f9d85c5a-7576-4d37-843b-723e159d5206","SkillInfo"
"Dragonkin Frost Slash","bad87a3a-9f8c-410f-a6a9-f488a8d1ba7b","SkillInfo"
"Dragonkin Frozen Orb","8df74ec0-7fae-4e00-a6f3-85a0274df4c1","SkillInfo"
"Dragonkin Holy Blast","01a2099f-60d5-4768-b729-7e259bd8cdd1","SkillInfo"
"Dragonkin Holy Breath","60354f76-0a7c-4438-9008-85df8037405a","SkillInfo"
"Dragonkin Holy Slash","5925ed0a-e01f-4063-97c1-57ff584f2c59","SkillInfo"
"Dragonkin Lightning Breath","6a9ed2a9-ecad-4ca2-afc6-ef866c37d106","SkillInfo"
"Dragonkin Shadow Breath","f2f1bee4-2ea0-4247-9da2-be43133dd643","SkillInfo"
"Dragonkin Shadow Orb","d1041350-7f20-4596-b243-f3831e8fa8d1","SkillInfo"
"Dragonkin Shadow Slash","b2cc57fd-19e2-4669-9f4d-faf24f65ff19","SkillInfo"
"Dragonkin Sun Fire","922c35f7-9449-40d5-90f3-d93a4c0a26d3","SkillInfo"
"Dragonkin Thunder Blast","3fec6b86-5b4a-44eb-a690-4ad13c6c54ba","SkillInfo"
"Dragonkin Thunder Slash","089159a7-b192-41e8-880a-ecbd4488a7f8","SkillInfo"
"Dragonkin White","6341c783-ade4-4f5c-a124-af3de9b462ce","SkillInfo"
"DropQuantityMod","8f12c129-5ec5-48db-b568-222133f62479","CharacterAttribute"
"ElementalBlock","6d2de1a9-2350-47ce-b259-f6af36eba335","CharacterVariableAttribute"
"ElementalShield","0d9cb5e9-a3a6-4ce5-9bdd-47601ad85c63","CharacterVariableAttribute"
"Elixir of the Scarlet Ox","aa91c1ef-d110-427c-b712-6a26b9deaa67","SkillInfo"
"Enchant Holy","6b42dcc2-9354-4f06-8152-1fe09594bd66","SkillInfo"
"Enchant Shadow","07807a49-de05-463f-a775-0bfe02b105fb","SkillInfo"
"EnchantCold","637a531d-cc2a-4e7c-8fad-82df5b58db2e","CharacterAttribute"
"EnchantColdMagedrawValue","73e8acd4-6da8-4c55-b5c4-62c66bddfdb9","CharacterVariableAttribute"
"EnchantColdValue","f5483f71-f42d-48b0-a8a6-a83febbe9f58","CharacterVariableAttribute"
"EnchantFire","b879a213-2bd6-43d3-ac34-e734de888ab2","CharacterAttribute"
"EnchantFireMagedrawValue","c01901d1-26d2-41c2-a983-a44eaa0fbbff","CharacterVariableAttribute"
"EnchantFireValue","dd14cece-5486-4881-bde5-75c849d725fd","CharacterVariableAttribute"
"EnchantHolyValue","424b8ec9-82ef-43f5-8f1a-55f53880f8b1","CharacterVariableAttribute"
"EnchantLightning","92bba8a5-2c60-45bf-a49b-d1e362d4e484","CharacterAttribute"
"EnchantLightningMagedrawValue","e3121b49-7b9e-402f-9e9e-2f48b3b4f67c","CharacterVariableAttribute"
"EnchantLightningValue","f7cd6aa1-a8eb-4616-8e34-a4fa7f8e6cf2","CharacterVariableAttribute"
"EnchantShadowValue","aa13124d-78bf-4b0a-87a4-66a33a8005e0","CharacterVariableAttribute"
"Enemy Acid Burst","e35c7859-44a5-4648-b78a-fb4208405a26","SkillInfo"
"Enemy_3_A1_Soul Fracture","c690fa26-ce99-47f4-884c-b25a48c8b2ea","SkillInfo"
"Enemy_Abyssal Scream","b5eb0519-1106-4f61-9893-0d9b09fefadc","SkillInfo"
"Enemy_Battle Fury","9315d6ea-a3c9-4c3b-b366-b5f3d2ab3744","SkillInfo"
"Enemy_BER_Bleeding Cleave","d93f07ee-f74b-4901-b6f6-3577aa328513","SkillInfo"
"Enemy_Burrow","c6578044-b0d1-4efc-941f-5408b31afc88","SkillInfo"
"Enemy_COLD_Frost Nova","9cd65bf4-7475-48de-bf8d-5b697a16e580","SkillInfo"
"Enemy_COLD_Frost Rounds","7d8a159a-03ff-4a8b-8d3b-676f9d649c15","SkillInfo"
"Enemy_Corrosive Bite","c6bb98f3-aae3-4ee3-8793-98458f3430ea","SkillInfo"
"Enemy_Crystal Bite","c2b99db7-c8a0-40ff-b723-1f58d26cf9bc","SkillInfo"
"Enemy_Fear","e5467c06-1282-4960-9c3a-c0463d642d4c","SkillInfo"
"Enemy_FIRE_Detonate","0c29baa3-8621-4df3-8fca-f082429adfb0","SkillInfo"
"Enemy_FORGE_MassRuneOfExploding","85bac245-40e8-4a4b-a193-06874ef0ba72","SkillInfo"
"Enemy_HLY_Hand of God","7d67b03e-787a-4d38-aad1-e8c0ed480a10","SkillInfo"
"Enemy_Howl of Terror","13e43f4b-54bc-4069-bf10-2fbe0bf6ddd4","SkillInfo"
"Enemy_Ice Blink","ee8e6f7b-dc62-45da-9b3c-a36f0bedd8c3","SkillInfo"
"Enemy_Incalculable Rage","5e12dac8-a9d5-4509-b47f-c029154947e8","SkillInfo"
"Enemy_Indestructible","1aeb5764-e7c6-4d40-86eb-20c37c772eb0","SkillInfo"
"Enemy_LGT_Divine Door","1cbc04de-250c-4e83-aa54-d317f77990a9","SkillInfo"
"Enemy_LTN_Discharge","820e764a-7dd5-43f2-ac3d-7c566f044bd0","SkillInfo"
"Enemy_Melee_Fissure","ecb99317-902d-4a6e-950a-b7fa77357b51","SkillInfo"
"Enemy_Monster Summoning IV","ae16210c-0f41-4aa0-bffa-d2e2fbf41479","SkillInfo"
"Enemy_Obsidian Strike","edb7226f-44c7-4652-91db-59ccc020f7c4","SkillInfo"
"Enemy_Overgrow","be0d4b34-5639-49f4-b081-4d17a203b50f","SkillInfo"
"Enemy_Passive_Cannibalism","f19f1ce4-1057-4c73-b70e-fa614775a8ea","SkillInfo"
"Enemy_Passive_Hellfire","e5a9a33b-2d7e-435f-8b3a-78df81d9d63c","SkillInfo"
"Enemy_Passive_Molten Plating","ecb80244-d1db-412d-9fc6-fa08d722c11d","SkillInfo"
"Enemy_Passive_Obsidian Plating","a25c3b59-1e44-445d-a5f9-ccf0308a4f19","SkillInfo"
"Enemy_Passive_Pack Hunter","775596bf-10fb-4ce0-be22-20ed24a94a1b","SkillInfo"
"Enemy_Passive_Sandstone Plating","ab37d047-ff36-47aa-9d28-1c59e61308cd","SkillInfo"
"Enemy_Poison Thorns","ab31b2d3-c7fc-40f8-ac12-57e5a9a92f60","SkillInfo"
"Enemy_Poison Vines","ebfc1ebd-ad8e-427a-92b4-8cb53109912a","SkillInfo"
"Enemy_Rage of the Dwarf King","cc51659e-13f6-4fc0-bef4-9039afc8dd0b","SkillInfo"
"Enemy_Rampage","7482d0c2-c135-4eac-8093-f2fa905f9774","SkillInfo"
"Enemy_SHD_Blood Frenzy","fc48cd99-fadb-43c4-98ee-1257b86bb01c","SkillInfo"
"Enemy_SHD_Bone Explosion","ee696d5f-0cca-4f7e-a963-850112b48b56","SkillInfo"
"Enemy_SHD_Energy Drain","28d912ed-a0a3-46f0-9fb1-b6e47c2c15c3","SkillInfo"
"Enemy_SHD_Grave Slam","318b4735-3421-4859-8a17-633903769823","SkillInfo"
"Enemy_SHD_Poison Cloud","78c03335-9a0e-45a8-ac57-f14636d98215","SkillInfo"
"Enemy_SHD_Poison Cloud Melee","b6ac1140-f2ed-463b-9bfa-669005e9773b","SkillInfo"
"Enemy_SHD_Raise Damned Fiend","f694f2c3-b50d-48f3-9420-2baef7b59f2a","SkillInfo"
"Enemy_SHD_Raise Mindless Skeleton","072c9434-b536-43b1-8f69-188de61e101b","SkillInfo"
"Enemy_SHD_Raise Skeletal Attendant","27088443-4986-4713-948d-63a5dc93c4a4","SkillInfo"
"Enemy_SHD_Raise Skeletal Conjuror","f7b8472a-73ba-43f1-9029-88cb3987a815","SkillInfo"
"Enemy_SHD_Raise Skeletal Henchman","c3fc8972-758a-486e-b017-791046a3d05f","SkillInfo"
"Enemy_SHD_Raise Skeletal Lackey","8332c788-9c64-45a9-a3b3-981b4de76f83","SkillInfo"
"Enemy_SHD_Raise Skeletal Minion","df6cf67e-4529-4611-9484-0f057ba88c1d","SkillInfo"
"Enemy_SHD_Raise Skeletal Servant","35ed1b27-e36b-4821-994c-fccfbc34f43c","SkillInfo"
"Enemy_SHD_Trouble Mind","547cd3ce-942a-43ea-b714-084362c786f6","SkillInfo"
"Enemy_Spore Cloud","7adbae91-d67b-4845-b17a-928e709f0c9f","SkillInfo"
"Enemy_Summon Boar","06dc1ea5-3258-48c2-981e-40350cc5f390","SkillInfo"
"Enemy_Summon Efreet - Heal","4f9354a1-ca24-42bc-9d95-e9a365f3b68e","SkillInfo"
"Enemy_Summon Efreet - Storm","5e62e2b7-b628-4125-8ac4-9e867eaddfaa","SkillInfo"
"Enemy_Summon Efreet - Summon","91a45682-15ff-4c66-9d6d-a3514f67e389","SkillInfo"
"Enemy_Summon Tundra Wolf","41ae570b-6733-4015-b400-59ec052c4be8","SkillInfo"
"Enemy_WAR_Cleave 1","fba6c3de-ea7d-43b8-b0e7-bace8fccdff2","SkillInfo"
"Enemy_WAR_Cleave 2","1969efab-7881-415b-8808-948d878075ae","SkillInfo"
"Enemy_WAR_Earth Spike","f148dd2c-f2ba-4151-b178-64109e0a953a","SkillInfo"
"Enemy_WAR_Ground Slam","522370b1-8846-45d1-8a76-fe2a31c0bdd2","SkillInfo"
"EnGarde","f31107ff-35dc-4dbf-bf88-486aa7f8e033","CharacterAttribute"
"EvasionCharges","5deb4d29-95e7-4cca-8010-d1395f79e096","CharacterVariableAttribute"
"ExecutionerValue","a32e3430-c6fe-44c7-bd48-65cfba9be301","CharacterVariableAttribute"
"Experience","5957843f-29c3-4e77-b057-3a835fc09575","CharacterAttribute"
"ExperienceForNextLevel","8c8834dd-2475-4fde-be38-3ef88057577a","CharacterAttribute"
"ExperienceMod","30eed485-8e3c-4b4a-a994-d337ac03a5e2","CharacterAttribute"
"Explosive Burning Ground","1fadf982-3c1f-48b2-af8c-654d7d6d5e1f","SkillInfo"
"ExtraBasicAttackChance","6123b596-817b-44ef-a166-7ef9873b2eae","CharacterAttribute"
"ExtraTurnActionPoints","ba6a7fb9-d3c1-439f-a591-a3ab302bcfa9","CharacterAttribute"
"Feared","9aa5986a-7bad-4b35-85cc-a17b3aceb592","CharacterAttribute"
"Fever","c17b3f1f-f576-4b9e-90b3-3faf7cbba56b","CharacterAttribute"
"FickleFlame","f816e89c-abff-4ba6-80a1-dbbe008d0b99","CharacterAttribute"
"FIRE_1_A1_Fire Shield","5b6ec9f3-e40d-48f9-84a5-f0b86982d366","SkillInfo"
"FIRE_1_A2_Fireblast","eb51277a-7757-4487-9840-c9f9a9a99f72","SkillInfo"
"FIRE_1_A3_Immolate","d17f236d-ce6e-4b1e-95a4-20bdc97e6b5f","SkillInfo"
"FIRE_1_P1_Burning Reach","5cbfa82e-8475-4390-aad9-f68e6c47ffb8","SkillInfo"
"FIRE_1_P2_Fire Borne","640b54a5-36af-417b-82b4-a221afab159f","SkillInfo"
"FIRE_1_P3_Hot Head I","126bb043-6548-4075-bca8-77e5f90fe992","SkillInfo"
"FIRE_2_A1_Cauterize","7f89aae2-820b-4ef5-9280-992d75eba7c6","SkillInfo"
"FIRE_2_A2_Fireball","bc0660c5-3a8c-48be-a437-880b2541871c","SkillInfo"
"FIRE_2_A3_Enchant Fire","3db67bff-d0ea-4430-ba72-ba1388f3b6c2","SkillInfo"
"FIRE_2_A4_Burning Ground","6f8d77e8-aec2-49ee-8656-864e4ed013ea","SkillInfo"
"FIRE_2_P1_FireStarter","6119e522-4697-4314-94dc-83253a2c9d87","SkillInfo"
"FIRE_2_P3_Hot Head II","72a6afb2-c7e6-4918-a1d3-4f08680e2b73","SkillInfo"
"FIRE_3_A1_Detonate","cfd7e41e-9bc9-4fd3-81ff-b7855d26b561","SkillInfo"
"FIRE_3_A2_Haste","48793549-36dc-4718-a714-6a49bd8ccba4","SkillInfo"
"FIRE_3_A3_Aura of Flame","8fae3562-a68f-4d52-bfbe-395f1a0c01c5","SkillInfo"
"FIRE_3_P1_Kindling","a7ed774f-59e7-4770-8c44-dd255f493e0b","SkillInfo"
"FIRE_3_P2_Fuel for the Flames I","4b4eb5be-2281-4942-a191-22f777e2042b","SkillInfo"
"FIRE_3_P3_Lasting Flame","659c3e1a-fe63-40cb-a26e-f81931d31e95","SkillInfo"
"FIRE_4_A1_Meteor","ec49bce6-5bcd-478d-acd3-d4fc2f3aae7b","SkillInfo"
"FIRE_4_A2_Overwhelming Power","e5e772c3-0f7f-4f5b-8e75-02249e7c182b","SkillInfo"
"FIRE_4_A3_Fissure","e9bd516a-3bf1-468a-ae2d-17d960b0daab","SkillInfo"
"FIRE_4_P1_Flash Fire","971efc39-f001-4564-b159-2584e105f04b","SkillInfo"
"FIRE_4_P2_Fuel for the Flames II","4ded356a-facc-4408-87b0-99b00cb2fcc5","SkillInfo"
"FIRE_4_P3_Fever","143a153b-af2f-4105-9936-f224dd9498d5","SkillInfo"
"FIRE_5_A1_Meteor Shower","b601e400-41c1-4c59-a801-9d9a6bb61ec8","SkillInfo"
"FIRE_5_A2_Mass Haste","2299b989-53f4-4ae3-add5-3f90e694ed7e","SkillInfo"
"FIRE_5_A3_Fire Storm","a59edd2b-ccde-4cf6-9603-3268cd137609","SkillInfo"
"FIRE_5_P1_Fickle Flame","3f0045d0-033b-4f98-ab04-819eda13e7d1","SkillInfo"
"FIRE_5_P1_Flame Lash","51751d00-c652-4a6a-8792-8b6baa755447","SkillInfo"
"FIRE_5_P2_Avatar of Flame","ac488fd4-a38f-4644-bb03-25c79513ae36","SkillInfo"
"FreeMovementPoints","bb7a16f0-cc57-4033-8686-24d4ca393fe8","CharacterVariableAttribute"
"Frostbite","29de73a8-097b-4fc9-a1ec-0e37aee0bd15","CharacterAttribute"
"GhostArmor","0a51b01f-2502-43d5-9ce9-5421b38db00e","CharacterAttribute"
"GhostArmorValue","010348d6-f063-408d-af40-6b9503212b69","CharacterVariableAttribute"
"GlanceAttacks","fa13f4e9-e6bd-4319-b2df-0d04a346b312","CharacterVariableAttribute"
"Gold","a5e48cda-0f20-405e-956d-457c08e1b965","CharacterAttribute"
"GoldMod","3f15295d-3ace-4395-8853-bc2552da7638","CharacterAttribute"
"Grievous Bite","c629b035-ae09-4fbe-b0a1-8a43469da2f9","SkillInfo"
"Grizzly_WAR_Ground Slam Stunning","381c3113-8240-49df-b656-781591c614c5","SkillInfo"
"HealingReceivedBonus","00d0691b-0ca5-4202-a8a5-26711891bcb6","CharacterAttribute"
"HealingReturned","3d7516c4-7bf0-46e8-ba95-8ecb9be6506f","CharacterAttribute"
"Health","487c42c8-8e93-4d2f-80d8-3663c5291d9f","CharacterVariableAttribute"
"HealthAsManaCost","2594f0ab-4d59-4999-af42-a9e9b21e195a","CharacterAttribute"
"HealthPerTurn","f88fa553-6666-4078-bd13-e933ef1a1eb3","CharacterAttribute"
"HealthPerTurnPercent","4d47be3d-ae03-4be5-a058-545f423a7a8c","CharacterAttribute"
"HeatDuplication","13e14638-10c9-409c-9a40-8582444fe1ea","CharacterAttribute"
"HeatDurationMod","32b46267-46ac-4e4e-af16-92c9d221dbf6","CharacterAttribute"
"Hidden","e21da624-ae3d-4b89-9120-616aff0a2444","CharacterAttribute"
"HighestStat","c5b994ae-f52d-409e-bb8f-66354c89cfc8","CharacterAttribute"
"Icefall","2520171b-dac6-40c7-a7e1-554f3df43957","CharacterAttribute"
"IgnoreDamageChance","af857653-8168-4246-a10e-0cdb5f96ff70","CharacterAttribute"
"ImmunityAllStatuses","f04c19f3-f6cc-48ff-b9c5-8f0b6e63d572","CharacterAttribute"
"ImmunityBleeding","46c0a97c-d228-484b-8806-53498229f9dd","CharacterAttribute"
"ImmunityBlind","0b3bd4f4-7d92-43d8-b9a0-0706b32d2153","CharacterAttribute"
"ImmunityChilled","4afef916-048d-4bea-ba32-39c8ce511ef8","CharacterAttribute"
"ImmunityChilledEffect","8268ec14-69ee-4515-b7ef-c5cabf50de4c","CharacterAttribute"
"ImmunityCrippled","9f8ab263-7e6b-4d8c-b3cd-70587972f58c","CharacterAttribute"
"ImmunityDisabled","d680e3b4-a705-4f33-8389-c46cb8fdf0d6","CharacterAttribute"
"ImmunityFrozen","5d9433d2-7e61-41ae-b5bd-488564d387bb","CharacterAttribute"
"ImmunityHeat","2ac8b10e-7fb7-41cb-821c-c0a08d8d3733","CharacterAttribute"
"ImmunityKnockback","a879db82-83f2-43d7-947d-dd12c63f25ba","CharacterAttribute"
"ImmunityMovementImpairing","cf8e7cc3-bf89-4ad7-b946-8911e10da883","CharacterAttribute"
"ImmunityPoisoned","c0ef56d1-1870-4166-b62c-be4c3f029baf","CharacterAttribute"
"ImmunityRooted","91376505-9c77-4b0d-85b9-c82dc9d19dab","CharacterAttribute"
"ImmunityShocked","428f674b-e7ef-47d1-b777-ef2751831a6f","CharacterAttribute"
"ImmunitySlow","4e85bf55-2ea3-46b7-8c95-a9f5c670c5ed","CharacterAttribute"
"ImmunityStunned","b2656ad7-7487-42f1-a57d-2fce662de8b8","CharacterAttribute"
"IncreasedFireDamagePerTargetHeatStack","d4c6883e-e157-4bd0-b7cf-1824b95a67ab","CharacterAttribute"
"Intelligence","7264dcb4-e60e-490a-8a1f-4875561a560a","CharacterAttribute"
"IntelligenceBase","aeba5152-14a9-42ca-b90b-26eafd7a4a04","CharacterAttribute"
"Invincible","143dc7f8-8f3c-4f4a-ae81-514d596cef9d","CharacterAttribute"
"InvulnerableWinter","4055c591-5f21-41e9-a5d0-203ac4562e4b","CharacterAttribute"
"LastActionCost","2a75496a-a194-49d0-9adb-725081691ed3","CharacterVariableAttribute"
"LastDamageType","ec7f1ae4-6a00-497d-8b02-1192973c4465","CharacterVariableAttribute"
"LastDamageTypeTargetMod","3c0a6081-6669-4eef-ae4b-b131c6eaa341","CharacterAttribute"
"Level","e9a7761e-977f-41c8-8d8e-d9ac3c86c068","CharacterAttribute"
"LGT_1_A2_Regenerate","f7786340-63ea-4097-8a48-8823ce02cba9","SkillInfo"
"LGT_1_A3_Elemental Protection","9f51dcd4-f90f-4c4c-b9f7-414e7fcd8ea7","SkillInfo"
"LGT_1_P1_Blessed By Light I","f3d22122-6b74-4eb0-8df4-4b6354dcd69e","SkillInfo"
"LGT_1_P2_Empowered Light I","6734cfa8-5699-4014-a4d7-7ae2b359d1e8","SkillInfo"
"LGT_2_A1_Bless","2582ea06-e53a-49f0-95e5-81b8d48ec8d1","SkillInfo"
"LGT_2_A2_Shield of Light","0a32ea87-3aa6-4bfa-86f8-da39a5b3aafd","SkillInfo"
"LGT_2_A3_Blinding Light","bed3679a-0022-447f-9a02-91335a600adc","SkillInfo"
"LGT_2_A4_Seal of Protection","8613b019-bdc8-49ce-9ea3-3fb373bda1de","SkillInfo"
"LGT_2_P1_Blessed By Light II","4318fd54-4e40-4bda-a310-3f6d2d664422","SkillInfo"
"LGT_2_P2_Empowered Light II","83ce3706-dea3-404f-9648-3b43b4ff4737","SkillInfo"
"LGT_2_P3_Glory","c3258fdc-4979-49ba-9209-660144b2425d","SkillInfo"
"LGT_2_P4_Kindred Spirit","3fc3a3ec-1bf0-41dc-a85f-d470c64edb69","SkillInfo"
"LGT_3_A1_Light's Beckon","ac37ac7a-4f2d-4eb5-9586-7639777c8359","SkillInfo"
"LGT_3_A2_Mass Cure","9cb9aac5-3cc5-4765-a967-11f5720e549f","SkillInfo"
"LGT_3_A3_Purify","cc749d60-f5c3-4ea3-9a3a-bbfa95625fde","SkillInfo"
"LGT_3_A4_Seal of Might","a34a88a4-d845-4c9c-b739-6e2be540458b","SkillInfo"
"LGT_3_P1_Light's Endurance","2bd96744-e934-4891-a4e0-cffb1f08f359","SkillInfo"
"LGT_3_P2_Light's Strength","b22fceef-4110-46ee-a9d2-12e9dd9f8d82","SkillInfo"
"LGT_3_P3_Light's Brilliance","6794f244-500f-48b8-8cad-ea53e9a69c9f","SkillInfo"
"LGT_3_P4_Light's Celerity","646f7772-2741-4b68-ba82-96b32490b640","SkillInfo"
"LGT_3_P4_Light's Intuition","3a2db55c-1c97-40ea-bc24-8537cd1fbd6d","SkillInfo"
"LGT_4_A1_Divine Intervention","a449e351-7941-451a-9278-c4aec2cfe660","SkillInfo"
"LGT_4_A2_Holy Ground","cc22f3c2-435d-41ce-8deb-882fdcf513f0","SkillInfo"
"LGT_4_A3_Shield of Retribution","4edbe07a-c899-4f5f-aed8-0417926f03bf","SkillInfo"
"LGT_4_P1_Lingering Light","578d3c0a-5eda-4b9f-9931-043decd33a17","SkillInfo"
"LGT_4_P2_Quickening","9732b23a-50aa-471c-8495-729c6a9667be","SkillInfo"
"LGT_4_P3_The Good Doctor","803ae361-6d63-423f-bb21-42b833363960","SkillInfo"
"LGT_5_A1_Ascendancy","75ed1c62-f8d7-426d-b063-494aeebbeed5","SkillInfo"
"LGT_5_A2_Seal of Salvation","cb513d38-5c32-4055-9ebd-e141ebb8dce4","SkillInfo"
"LGT_5_P1_Redemption","c7d0e84a-86a7-44e6-bb4f-89352e602393","SkillInfo"
"LGT_5_P2_Salvation","19a44fd6-8b15-43b4-8000-399e10653e3e","SkillInfo"
"LGT_5_P3_Wrath of the  Righteous","3c3533f9-21cf-46c9-957d-c6b957b7716e","SkillInfo"
"LichLord","4f4d1fb4-3c58-4ae9-b935-6055a1409365","CharacterAttribute"
"LifeOnHit","d682fc79-b4e1-454c-951f-0597729b5729","CharacterAttribute"
"LifeOnHitBasic","5c714c6a-6901-49ab-bf1a-467e4b46eefd","CharacterAttribute"
"LifeOnHitTarget","f237b85f-7d67-49cb-9e8e-2c9acbb05bc7","CharacterAttribute"
"LifeSteal","79898f9f-c792-4fdd-8fdd-2fd6fbbe4b0f","CharacterAttribute"
"LifeStealBasic","9bbb6d26-e403-44b7-9a28-df964bd4464d","CharacterAttribute"
"LifeStealChaos","21461235-f76c-405a-9f4c-f4b45238b15d","CharacterAttribute"
"LifeStealCold","3a7c8220-41c3-412f-9ba8-cbebb8921dd2","CharacterAttribute"
"LifeStealFire","cf30a412-db72-41cb-90ea-fb2da4ee3863","CharacterAttribute"
"LifeStealLight","412e566c-f600-4741-9e1a-55d13393a950","CharacterAttribute"
"LifeStealLightning","c31fd929-eb5c-467d-b535-9b8bc0a2a206","CharacterAttribute"
"LifeStealMod","5ae2e46b-8d21-4057-8c7c-874095ed918d","CharacterAttribute"
"LifeStealMonk","8b09ac1d-7d67-4180-90d3-a383ee28f2a6","CharacterAttribute"
"LifeStealNature","7ed4b60c-30a8-480b-9b24-1fb08a844e37","CharacterAttribute"
"LifeStealRanger","9c770eaa-0702-4d2c-a476-2d8785f28ad0","CharacterAttribute"
"LifeStealShadow","a38371c0-61dd-4c60-9a97-1ecf54c8eb62","CharacterAttribute"
"LifeStealThief","ef498808-2152-452f-b7f6-3ce8fd1fb66b","CharacterAttribute"
"LifeStealWarrior","a586995e-a333-4272-81fa-685754bedc37","CharacterAttribute"
"LightningStrikesTwice","8b3db95a-fe20-4105-82e0-ce89602276c5","CharacterAttribute"
"LTN_1_A1_Dazzling Darts","165880b6-4e75-493b-94d7-31cf5936d79b","SkillInfo"
"LTN_1_A2_Shock","122d020e-36ff-459e-a059-09079496fc22","SkillInfo"
"LTN_1_A3_Lightning Shield","a13c0d5e-20de-47e7-b52d-4432ff174efe","SkillInfo"
"LTN_1_P1_Storm Weathered I","af8a7171-de29-4cd5-bbed-6e0ce14f9c39","SkillInfo"
"LTN_1_P2_Stormbringer I","e70f397a-e1b1-432b-89ed-7598800886b5","SkillInfo"
"LTN_1_P3_Thunder Borne","923e5c13-7549-48c5-a3bf-dfb5bf59b4b3","SkillInfo"
"LTN_2_A1_Teleport Self","383537a6-d8c2-43b5-bce1-21ceb372f558","SkillInfo"
"LTN_2_A2_Discharge","387f28b4-84e5-4621-90a8-0f944eb7840c","SkillInfo"
"LTN_2_A3_Twister","8ef72136-d60a-404f-bfdc-2f395c35c813","SkillInfo"
"LTN_2_A4_Enchant Weapon Lightning","b7c19599-bcef-47c9-b32e-4b558778fe31","SkillInfo"
"LTN_2_P1_Storm Weathered II","3e72ffd3-ed92-4010-bffb-cb09601b724f","SkillInfo"
"LTN_2_P2_Stormbringer II","dbf885d4-cf92-4eee-bfa2-62612db6ea24","SkillInfo"
"LTN_2_P3_Gathering Storm","74b9fdfb-985b-4df8-a179-f759c2750baa","SkillInfo"
"LTN_3_A2_Thunder Bolt","c051afe8-be0a-4885-a517-b99544629123","SkillInfo"
"LTN_3_A3_Teleport Other","e8d3e3c9-e79a-4c09-9fce-c86dc1da3e21","SkillInfo"
"LTN_3_A4_Aura of Lightning","df7e0633-bc4d-48e6-ae0b-2e125f1625a7","SkillInfo"
"LTN_3_P1_Storm Brewing","390fc09a-5649-4ab9-9a0d-1b6ac1390c69","SkillInfo"
"LTN_3_P2_Energy Shield","f61e81b2-a830-4eb3-8ab9-2fe1fd39ab7c","SkillInfo"
"LTN_4_A1_Thunder Storm","57c6b493-41d3-4b00-95fb-62f7216fee80","SkillInfo"
"LTN_4_A2_Shocking Shackles","db92c83a-5dc8-4b43-af4f-c5ba78a97228","SkillInfo"
"LTN_4_A3_Overload","6ec59444-b577-4b9c-95d3-f559ede7d97b","SkillInfo"
"LTN_4_A4_Static Field","52654feb-9133-4228-a511-562bf4722ee8","SkillInfo"
"LTN_4_P1_Heavy Rains","3325d5e1-03e6-4e84-b763-fd843d694b87","SkillInfo"
"LTN_4_P2_Recharge","9ea6ac03-3597-4b5c-aa0d-a461c4c33bf8","SkillInfo"
"LTN_5_A1_Thunder Wrath","89425965-a9af-443d-b1d0-d91580123be4","SkillInfo"
"LTN_5_A2_Energy Cannon","2c65aec7-7a9b-429d-8545-f1d8e4a5823f","SkillInfo"
"LTN_5_P1_Conduit","d878dd1f-6337-4de2-aa82-5c851ef2ac22","SkillInfo"
"LTN_5_P2_Thunder Struck","f802b4ff-21ab-4673-a60d-32df4f8f3579","SkillInfo"
"MagicArmor","15189159-3ea4-49cd-bde2-7fb7803e12b7","CharacterAttribute"
"Mana","1f788ea1-a821-4aa9-887d-8740d0d1eb61","CharacterVariableAttribute"
"ManaCostMod","957d5d7b-3eec-47a5-9bd8-acd00e732d31","CharacterAttribute"
"ManaCostModLight","a2da942d-b1eb-42db-87c2-a679592428fc","CharacterAttribute"
"ManaOnHit","bb85765e-79b1-45c7-a247-9d82f458b7ed","CharacterAttribute"
"ManaPerTurn","f336721e-0ad9-4130-9b83-74abed735890","CharacterAttribute"
"ManaPerTurnPercent","77e8a364-27ae-42db-b2b2-0d8f52ccdeb9","CharacterAttribute"
"ManaPowerMod","2c933ba3-b83d-498a-9e07-bd90db1423e9","CharacterAttribute"
"ManaShield","4d4de381-6381-47bb-bc73-3b4eef363bcf","CharacterAttribute"
"ManaSteal","3c86bac2-07e1-41b3-9c43-df94265088cf","CharacterAttribute"
"ManaUnlimited","37ffa893-9d98-41f4-8921-cb2d2c8c2fdb","CharacterAttribute"
"MarkedPrey","57390983-0fa8-41ae-8ea9-8eeddcac3768","CharacterAttribute"
"MasterAssassin","7fe6aaa3-f7bc-41d0-8251-5a9fa7ff7ee2","CharacterAttribute"
"MasterOfIce","a95c66ee-05e2-44c0-85c7-e4729c6cdd48","CharacterAttribute"
"MasterOfIceCounter","3748fe9f-b8a7-4d5c-bfa2-1ed354dbf31d","CharacterVariableAttribute"
"MaxActionPoints","b7476cf7-dd65-4a77-8e54-755427f375ab","CharacterAttribute"
"MaxHealth","7cf6d077-5c65-4257-9193-6adf71c07e12","CharacterAttribute"
"MaxMana","36e6120b-2391-4722-ac54-2c17b942334c","CharacterAttribute"
"MaxResist","50a695bc-a760-4f7a-bbb2-681aec70a637","CharacterAttribute"
"Might","28d8cc15-ccb7-4591-8307-f3666f6c3e52","CharacterAttribute"
"MightBase","8e292abd-54a8-4696-b653-1b11ec6f757a","CharacterAttribute"
"MissChance","ca377816-808b-40fc-8886-92bc018ed24f","CharacterAttribute"
"MNK_1_A1_Front Kick","6b4b2cdf-dcc2-48f9-bcb9-5c8ce58acb2b","SkillInfo"
"MNK_1_A2_Incapacitate","6f3e373d-b514-49cb-b4b2-ba600b14b16e","SkillInfo"
"MNK_1_A3_Chi Strike","1b530dbe-2bf5-4b6c-bd54-f70b895eeb28","SkillInfo"
"MNK_1_P1_Momentum I","20f54fae-a773-4a20-8854-02deaa605f0c","SkillInfo"
"MNK_1_P2_Contemplation I","82c200b1-d500-46f0-8a6f-2f5ae93928e6","SkillInfo"
"MNK_1_P3_Masochism I","55172890-cfb6-41ea-b69b-4f8c4e72ca41","SkillInfo"
"MNK_1_P4_Endurance I","b4721d01-d578-47fe-bea9-39b75c11c322","SkillInfo"
"MNK_2_A1_Stunning Kick","57362923-3f2b-474e-a693-32bb4394c9c9","SkillInfo"
"MNK_2_A2_Force Kick","26b56150-2f67-4359-a6d2-3fe0a6cd2a5b","SkillInfo"
"MNK_2_A3_Paralyzing Strike","cddc924f-d7e9-496e-b251-6b1f287b73e6","SkillInfo"
"MNK_2_A4_Focused Strike","eedc261a-8bc6-48f8-91b2-e1e0587b022e","SkillInfo"
"MNK_2_A5_Pain Suppression","375f6111-c59d-4c26-8459-1b4b36cbb062","SkillInfo"
"MNK_2_P1_Momentum II","e4b667c5-247f-437c-8dc0-a0cb6947d0ee","SkillInfo"
"MNK_2_P2_Contemplation II","3c48cbdf-dc3e-4bd8-a9ee-d72ca3ffaeab","SkillInfo"
"MNK_2_P3_Masochism II","851b4849-5624-4847-b9f3-0a6e014b5513","SkillInfo"
"MNK_2_P4_Endurance II","7d586ac4-62ee-4e66-9509-9db6bbbb67fc","SkillInfo"
"MNK_3_A1_Dashing Strikes","1bad1d3d-5f99-498c-a838-6b1a4ac75719","SkillInfo"
"MNK_3_A2_Falcon Dash","45907c14-9772-4d47-b019-d50bb9e6425d","SkillInfo"
"MNK_3_A3_Meditation","5e3fd063-311f-4e7b-9723-2fcc0c43d1e3","SkillInfo"
"MNK_3_A4_Sweeping Kick","be4f4d5a-599b-464c-b37b-d70907820b52","SkillInfo"
"MNK_3_P1_Combo Breaker","9f5758b4-7511-4326-a426-0b531cceadc4","SkillInfo"
"MNK_3_P2_Body and Soul","184c8456-b735-4b54-99d7-783ce74bec61","SkillInfo"
"MNK_3_P3_Willpower","783f7e26-6d2d-4597-af72-c5f41ce6f0df","SkillInfo"
"MNK_3_P4_Weapon of Choice","b535409e-d753-41a2-9743-2a427c07f376","SkillInfo"
"MNK_4_A1_Soul Cleanse","753ecaa8-bcba-40de-a44c-df7ca092b772","SkillInfo"
"MNK_4_A2_Cyclone Kick","05899704-90a5-4b06-b141-5fb7b10c02b6","SkillInfo"
"MNK_4_A3_Power Strikes","4409fec4-696a-48f2-ba64-5305247c2f6c","SkillInfo"
"MNK_4_A4_Dodging Strikes","df3b62f7-9e84-44e1-bc3f-10e9763bdcda","SkillInfo"
"MNK_4_P1_Strength","72730fff-2170-46e2-9a5a-3c26c1baee98","SkillInfo"
"MNK_4_P2_Speed","3466e4e5-7649-496f-a795-850aecb1a284","SkillInfo"
"MNK_4_P3_Crash and Flow","4a59faf8-462f-4fc1-a42e-e66fcc79739c","SkillInfo"
"MNK_5_A1_Many Sided Strike","e34d2162-c2e9-4485-8b76-527674a43ef6","SkillInfo"
"MNK_5_A2_Quaking Fist","37dc1b4a-82d1-41d0-91b5-b8768ec8c308","SkillInfo"
"MNK_5_P1_Perfected Soul","b6cb4d22-fa91-4b17-8c69-fdd47bed405f","SkillInfo"
"MNK_5_P2_One Punch Monk","1e089acc-84fc-4d8f-8432-915e5daa7d9d","SkillInfo"
"ModelScaleMultiplier","30eae638-1614-4bcf-9372-dee9e6a326b7","CharacterAttribute"
"Molten Matron - Summon Scorplings","0c63ecaa-492b-475e-bee8-fe5415492379","SkillInfo"
"Molten Sting","3c7a0115-ce0f-4dea-9164-fc88399846e4","SkillInfo"
"Momentum III","052f0412-6bfa-4e2e-b531-c2b1445d86e0","SkillInfo"
"MomentumValue","5e63d67c-ff5f-4d50-afeb-dacd0dc1a0eb","CharacterVariableAttribute"
"MonkSpeed","b20675b9-5ebd-42b2-818f-cb590be890b1","CharacterAttribute"
"MonkStrength","b6674bf0-9954-4822-9f87-5b9c120e725b","CharacterAttribute"
"Move Object","8549bc76-2b0e-4f55-9779-e17defc5e559","SkillInfo"
"MovementCostPerHexMod","7ccf7c88-4dce-425a-918e-a0db35c89aba","CharacterAttribute"
"MovementImpairingHitValue","9e672e19-7571-48fd-bb24-27868abf4892","CharacterVariableAttribute"
"MovementPerAP","02da98d6-dc9e-44e2-8889-9686f40cf465","CharacterAttribute"
"MovementThisTurn","ee137521-72ef-4362-bd7a-9f17358b4faa","CharacterVariableAttribute"
"MythicReach","e59b8697-a0f6-46fb-8803-9a182be19c8e","CharacterAttribute"
"Nature Summoning II","4b32af59-5514-4863-972c-6586bce62f71","SkillInfo"
"NAT_1_A1_Nature Summoning I","7bf06d05-ce54-4bf5-bf4d-35da956d3bba","SkillInfo"
"NAT_1_A1_Nature Summoning I  [Pack Summoning]","307e3f9b-cd71-4ec1-88da-c0f84c759074","SkillInfo"
"NAT_1_A2_Entangle","5a4f990a-3e8d-43cd-8186-b04b10d2154a","SkillInfo"
"NAT_1_A3_Faerie Swarm","218b2d73-387b-41f1-b791-4079d4316fea","SkillInfo"
"NAT_1_A4_Brambles","5e4dbe13-58ca-4ee5-bba5-78041c8fe660","SkillInfo"
"NAT_1_P1_Pack Hunter I","da33e5e2-4c72-4806-b2c4-ffe57755933d","SkillInfo"
"NAT_1_P2_Adaptation I","267937da-0635-4d70-af98-21e3cbd27499","SkillInfo"
"NAT_1_P3_Beast Master I","6c4546b0-f8a6-406a-9475-179ac57153e5","SkillInfo"
"NAT_1_P3_Thorns I","a9ecc771-d9ee-4dad-9cf9-310d8eccb1b9","SkillInfo"
"NAT_2_A1_Venomous Skin","1e0cfa0e-bad0-4f36-bf17-0768c76478e3","SkillInfo"
"NAT_2_A2_Living Armor","1d723539-3738-422b-b5cf-7193a0878418","SkillInfo"
"NAT_2_A4_The Bad Bloom","908596ba-d2f0-486c-8974-bb648d9d7f2e","SkillInfo"
"NAT_2_P1_Pack Hunter II","ab4cf5ab-6924-4cda-ab47-93735e785c77","SkillInfo"
"NAT_2_P2_Adaptation II","842ef055-44d4-4138-9b0b-48b8c1533b7d","SkillInfo"
"NAT_2_P3_Beast Master II","e7bbab62-2417-45c7-8092-f8c66224c48b","SkillInfo"
"NAT_2_P3_Thorns II","9beb543c-26f0-4d7b-b460-446e6b313fad","SkillInfo"
"NAT_3_A1_Nature Summoning II","116424f8-8a0e-409e-aeac-9a8312023a40","SkillInfo"
"NAT_3_A1_Nature Summoning II [Pack Summoning]","fa759183-6200-4e4d-b8c0-943ff4653f69","SkillInfo"
"NAT_3_A1_Stun Spores","e1f5f37a-b0ef-4927-8de9-75fbc6bf3ff3","SkillInfo"
"NAT_3_A3_Shapeshift Werewolf","2f245847-7abb-48d2-b66f-d6767ea45c45","SkillInfo"
"NAT_3_A4_The Good Bloom","27ad00f4-b115-4779-83e0-85781933df47","SkillInfo"
"NAT_3_P1_Bristles","224c1d93-c089-45b8-94f8-6d5e5b5fa11e","SkillInfo"
"NAT_3_P2_Contagion","f1f19d21-64b5-4e2a-80f9-3e7a29525945","SkillInfo"
"NAT_3_P3_Skin Walker","fd4cfa68-ad42-4f5b-9231-73f7ae16a806","SkillInfo"
"NAT_4_A1_Mass Entangle","2112128e-960f-4661-aebb-a50dc4d7760c","SkillInfo"
"NAT_4_A1_Rage Spores","b61ec73e-7b98-4e01-813b-a2367bb97857","SkillInfo"
"NAT_4_A1_Sleep Spores","0e87e9e4-69a1-4ef4-84d8-e42a2af3017b","SkillInfo"
"NAT_4_A4_Rainstorm","b34e04df-711b-4303-8add-54f513cc1b72","SkillInfo"
"NAT_4_P1_Circle of Life","d2b61bb2-f017-4234-bf38-b67d20e7bbbc","SkillInfo"
"NAT_4_P2_Natural Selection","b6624501-e38b-461c-8180-5522f2e49f30","SkillInfo"
"NAT_4_P3_Call of the Wild","6161d951-49a1-485f-9e07-6fb3ea723f00","SkillInfo"
"NAT_5_A1_Nature Summoning III","3096d08b-a4d2-4954-8930-c202fa3b0699","SkillInfo"
"NAT_5_A1_Nature Summoning III  [Pack Summoning]","ab8d11da-31e3-4cc9-a4d1-ce5f5e695afa","SkillInfo"
"NAT_5_A3_Mind Blossom","45041cfc-d8ba-4c87-8b9b-7ee36daab732","SkillInfo"
"NAT_5_A3_Shapeshift Dragonkin","2446d269-e869-4479-b35e-c93d58a09386","SkillInfo"
"NAT_5_A3_Shapeshift Greater Werewolf","b2d332e5-4980-4a00-af0c-3958e4e22ca3","SkillInfo"
"NAT_5_A4_Titan Bloom","ea930abb-1071-4f58-b667-1bde3627c5d0","SkillInfo"
"NAT_5_P1_Ecosystem","729b89f8-f570-4da4-8623-896bd677f02d","SkillInfo"
"NAT_5_P2_Evolution","8554865a-c039-43b9-8cc4-877d4cb1a4b2","SkillInfo"
"Necronomicon","520b1140-b677-4d93-9a73-32befab884b8","SkillInfo"
"Necronomicon Death","1c6cc2a9-0f7e-44d0-bb6a-0e02d3e88155","SkillInfo"
"NonCritDamage","1c5bb7ce-acd3-4470-acd4-c172b8c65b93","CharacterAttribute"
"OldExperience","418baef3-6947-4408-b17d-1ba23d1fd593","CharacterAttribute"
"OnePunchMonkValue","ce0e7863-ad44-45b8-b904-a8bfda493d3b","CharacterVariableAttribute"
"OpportunityAttack","4f117a96-3607-4725-989c-ed6a4cee56dd","CharacterAttribute"
"OpportunityAttackDamageMod","36782c75-7b7f-416d-b3eb-e5c6774d12f7","CharacterAttribute"
"OpportunityAttackDamageModFromReflex","42b8a9cf-08c3-4158-af1a-ceedc4505693","CharacterAttribute"
"OpportunityAttackImmunity","93a521b6-ac59-41ce-be34-1cc66b7b5859","CharacterAttribute"
"Overload","4bbea4be-6781-4961-8172-4456d85df3af","CharacterAttribute"
"PainSuppressionValue","1770265a-1e92-4fc3-9cc5-4fff3e170d7e","CharacterVariableAttribute"
"Paralyzing Sting","ef57371c-316e-454e-a15f-cc67f0391a19","SkillInfo"
"Perfect Rage","56886cce-48f8-4a0c-9b3c-e148c07b8fba","SkillInfo"
"PerHexRangeDamageBonus","d5a8da2d-8fef-45bc-8887-22e72a81ed1d","CharacterAttribute"
"PerHexRangeDamageInverseBonus","d9b4add6-7e85-4c2c-8f66-0890e00aa602","CharacterAttribute"
"PersistantSummoner","9895d52c-a8c3-4de5-955d-5b646dbbd9b6","CharacterAttribute"
"Petrify","5963eb40-a024-4d26-835c-4d2d9881b166","SkillInfo"
"PhysicalBlock","f8bf33f8-0d17-4acd-bd3a-ed0e095baa06","CharacterVariableAttribute"
"PhysicalShield","fe7cf4a5-9da8-4147-bebe-ccef21541172","CharacterVariableAttribute"
"Poison Bolt","21057f9e-2492-497c-adab-fb0314757b38","SkillInfo"
"PoisonDamage","5530c8bc-deba-491b-8a98-bbf0c1b0a5e7","CharacterAttribute"
"QuickDraw","65d3cf9d-8e2f-4638-9c0e-ec627f8f4301","CharacterAttribute"
"QuickDrawValue","5bf95ff6-b6cc-46da-84fc-a9c13d6109fc","CharacterVariableAttribute"
"QuickHands","64e10f7e-8ab6-4322-965f-ef0ff6ba2bf7","CharacterAttribute"
"Raise Iron Golem","ee512cf8-e555-480b-ba29-10f5d837ce31","SkillInfo"
"Raise Servant of Abaddon","8e3fc883-c317-495a-ab69-9fa412356c10","SkillInfo"
"RangeAdder","e9f04e48-f1a7-4888-970c-995d1f5dbb47","CharacterAttribute"
"RangeAdderBasic","c379f070-10bf-40f3-9eb0-f67b2087bbd2","CharacterAttribute"
"RangeAdderCold","6fe1718b-2b20-4e26-8a43-b07c78d805ca","CharacterAttribute"
"RangeAdderFire","666cfece-e065-4556-ab0e-be7afb66030b","CharacterAttribute"
"RangeAdderHealing","60586350-e4ff-4449-a3e0-f161d14a3462","CharacterAttribute"
"RangeAdderLightning","af571f16-9671-4bc9-944f-5bfaa5e03133","CharacterAttribute"
"RangeAdderPhysical","45358ec3-4ce9-48fa-b32d-4d048708df8e","CharacterAttribute"
"RangeAdderShadow","5b6e8e99-0516-457d-a874-07fa53c49264","CharacterAttribute"
"RangeTypeAdderMelee","6131bfa8-2c12-4f9e-ab68-d842c244415a","CharacterAttribute"
"RangeTypeAdderRanged","4b71b7a3-3c39-4a1f-aeed-f1af2c835a40","CharacterAttribute"
"RecentlyHasted","5fa913f4-9747-4881-aac5-60c02babb7dd","CharacterAttribute"
"Recharge","4ed299c8-3443-47a2-b23e-378e20d713ea","CharacterAttribute"
"Recovery","03377c57-1791-4652-8a00-d13ed2f46439","CharacterAttribute"
"Reflex","cdde48cb-b098-41be-8848-eb15f927df55","CharacterAttribute"
"ReflexBase","d19f1e26-3c80-4b4c-a9bf-214246d62ee1","CharacterAttribute"
"RefundManaChance","c67ba9c0-0b35-4ee3-95fa-acfdff95a72e","CharacterAttribute"
"Resilience","b79e6960-9c40-4535-b125-ff81fb763797","CharacterAttribute"
"ResistCold","a57199fd-bb43-4a8b-9727-f49469447953","CharacterAttribute"
"ResistDivine","c48ce66e-5b3b-4e21-8a18-1242c15e86e6","CharacterAttribute"
"ResistElementalSummon","c5d8b05f-cf62-44a3-8547-f0960eebfd81","CharacterAttribute"
"ResistFire","4bece0f1-621e-43f1-ba15-16e03a87f9ea","CharacterAttribute"
"ResistLightning","2496edf9-a5dc-4b4e-a53d-d112ac13a8d2","CharacterAttribute"
"ResistPhysical","f3a23f4f-b98f-49ad-b6b0-4cbd69b8f8b3","CharacterAttribute"
"RNG_1_A1_Rally","48ff5e95-e3c3-486f-9fc6-4994863a4316","SkillInfo"
"RNG_1_A2_Companion Raven (Legacy)","9548b4e1-395d-4f23-aff7-1ec02baedc2b","SkillInfo"
"RNG_1_A2_Tranquilizing Shot","1222b5d5-eec6-4f95-813a-378eac88409d","SkillInfo"
"RNG_1_A3_Crippling Shot","d307e047-44c0-4d0c-bc76-7662355eb4b3","SkillInfo"
"RNG_1_A4.5_Tracker's Mark","e58297e3-95fa-4468-bf0a-e89f3df7bb80","SkillInfo"
"RNG_1_P1_Eagle Eye","26e3de52-772d-4e8f-ab74-818942861795","SkillInfo"
"RNG_1_P2_Survivalist I","e1b88501-223b-477a-9976-fc93ed843da5","SkillInfo"
"RNG_1_P3_Beast Master I (Legacy)","f22f6abc-b3e8-47bc-9bc9-10a9901b0dd3","SkillInfo"
"RNG_1_P3_Huntsman I","79634379-8bcb-43b0-b3f6-b385e11ed93b","SkillInfo"
"RNG_2_A1_Relocate","b1774775-9065-45eb-a5ff-056af7908100","SkillInfo"
"RNG_2_A2.66_Pinning Shot","ff0060f6-075a-4a9e-a6dd-70d98563f14a","SkillInfo"
"RNG_2_A3.33_Bleeding Shot","0b3345ec-9efb-4097-b674-73b0ae381105","SkillInfo"
"RNG_2_A4.17_Stalker's Mark","043b48ce-e6b3-4ba0-9258-e4d06f46b82b","SkillInfo"
"RNG_2_A4.88_Bounty Hunter's Mark","b05f44e2-e9aa-435a-b29d-b1012a42b466","SkillInfo"
"RNG_2_P1_Precision I","4f60a338-6cc9-462d-a5c5-9331541b189b","SkillInfo"
"RNG_2_P2_Survivalist II","f92fd989-34d3-45cd-8adc-93b79969db03","SkillInfo"
"RNG_2_P3_Beast Master II (Legacy)","6669e65c-dd80-4374-8c7c-7eaa0ada8220","SkillInfo"
"RNG_2_P3_Disengage","df437fe6-f5be-45db-90d0-13b0dcc50f65","SkillInfo"
"RNG_2_P3_Huntsman II","6cc0036b-d5fc-45b1-b541-e044ff756c47","SkillInfo"
"RNG_3_A1_Long Shot","ed48796f-b3ca-4eaa-a860-d5adc5c0e911","SkillInfo"
"RNG_3_A2_Volley","d23c2fb6-5630-4e11-bbb7-8f03ea859596","SkillInfo"
"RNG_3_A3_Blasting Shot","d080974f-ceb6-4fde-ab75-c41ba8d3b8e5","SkillInfo"
"RNG_3_A3_Companion Wolf (Legacy)","cc69f834-8fb6-41bb-a009-540567d1954f","SkillInfo"
"RNG_3_P1_Precision II","c1669e65-8249-4494-9b7d-975327d82550","SkillInfo"
"RNG_3_P2_Quick Hands","85a9b32a-7c27-45fa-b38f-5da5e5c9a7b8","SkillInfo"
"RNG_3_P4_Ranger's Gift I","c122eadb-7328-495b-a8c8-bec507469119","SkillInfo"
"RNG_3_P5_Patient Hunter","06d9233a-e381-4819-9b53-f37a39026e86","SkillInfo"
"RNG_4_A1_Sniper Shot","cd771d71-a7f0-4728-8c86-f105be62ea90","SkillInfo"
"RNG_4_A2_Called Shot","931e74d0-1ddf-4d93-9f29-7d87830d47ba","SkillInfo"
"RNG_4_A3_Dispelling Shot","06051196-664e-4724-97e9-4f11b57f3757","SkillInfo"
"RNG_4_A4_Piercing Shot","ac13e801-6192-4208-86bf-b247b37601d4","SkillInfo"
"RNG_4_A5_Quick Draw","7b3baeae-8542-4f70-bd65-94340c890406","SkillInfo"
"RNG_4_P1_Take Cover","b3453a67-1836-4578-aebe-fd0b7dd4c1e2","SkillInfo"
"RNG_4_P2_Endless Quiver","2493d8ec-0837-4436-bc9a-f48ebb619fa6","SkillInfo"
"RNG_4_P4_Ranger's Gift II","bb27b619-9ede-4143-877a-7d5436526dfe","SkillInfo"
"RNG_5_A1_Slaying Shot","0cabdbe9-bb23-4dff-adea-e5e49c8252ad","SkillInfo"
"RNG_5_A3_Cupid Shot","64d689e6-1a9a-485c-8fa5-02dff422fa01","SkillInfo"
"RNG_5_A3_Impaling Shot","f92b6841-86a9-4f0f-858f-9be1bf273143","SkillInfo"
"RNG_5_A3_Summon Grizzly (Legacy)","4ce83329-4e68-4ef5-ac60-aeb372e25794","SkillInfo"
"RNG_5_A4_Branching Shot","5c78ba1d-0174-42eb-a2f2-b8b5cf4a8060","SkillInfo"
"RNG_5_P1_Mythic Reach","bec81cb3-64b7-4a7e-b460-1193f1e63a0c","SkillInfo"
"RNG_5_P2_Marked Prey","d1fa6eae-2970-4400-a93f-8461295973d5","SkillInfo"
"Rooted","a11e9c48-3abb-4ca2-91ad-f2f8d7137923","CharacterAttribute"
"Rune of Energy","ff356eb2-2261-4a5e-9f82-df75b72fdae2","SkillInfo"
"Rune of Refreshment","964163b0-8351-4004-a3a9-7fda444e0d43","SkillInfo"
"SavedActionPoints","861d51ff-7007-4d2f-ba70-5b12da676b91","CharacterVariableAttribute"
"SeeNoEvil","a9cd9138-4ce6-48a6-abb2-b2313e434000","CharacterAttribute"
"SetAllAttributesToHighest","470f54ab-3076-42d2-8d49-cc9f9e37c56e","CharacterAttribute"
"Shapeshift Vampire Bat","eac095f4-d0cb-4df1-b697-6a4adfb1f29e","SkillInfo"
"SHD_1_A1_Blind","0ed4a298-677b-4b0c-86d5-70228e8fff64","SkillInfo"
"SHD_1_A2_Tainted Touch","0545349b-cb52-4a5f-92f7-7e4fcd291229","SkillInfo"
"SHD_1_A4_Raise Skeletal Archer","c002a223-c6e8-4b73-82f8-7926f4e9a883","SkillInfo"
"SHD_1_P1_Call of the Grave","95912c7c-d6e9-4811-b884-b11644171b81","SkillInfo"
"SHD_1_P2_Necromancer I","6868aca0-18f6-4b66-a509-81977f40a52d","SkillInfo"
"SHD_2_A1_Poison Cloud","51c5c7ac-97f4-43b5-a811-6b98f7c17f89","SkillInfo"
"SHD_2_A2_Spectral Chains","d8cf9361-eaac-4ecd-8cf9-e2f4f55b469d","SkillInfo"
"SHD_2_A3_Haunt","7e0a68aa-f9bf-4e09-9f1c-26b0be272d6b","SkillInfo"
"SHD_2_P1_Thirst I","84c968c4-d3cb-418e-9f28-e19014bc6473","SkillInfo"
"SHD_2_P2_Dark Pact","d1318d21-a417-4d78-b0ab-ef9815cdb239","SkillInfo"
"SHD_2_P3_Vengeful Shadows","8812a8fd-f3ef-4557-819b-e2fd553cab52","SkillInfo"
"SHD_2_P4_Necromancer II","005bdc59-d102-40d9-87f3-5d6e508f719c","SkillInfo"
"SHD_3_A1_Soul Fracture","de92aa54-dfad-4edc-a1d5-00548a7da627","SkillInfo"
"SHD_3_A2_Consumption","7ee3a229-5375-4466-baa0-d9ee630756b9","SkillInfo"
"SHD_3_A3_Purge","bb060d0c-2f85-49af-9c74-a6131fd459e5","SkillInfo"
"SHD_3_A4_Raise Skeletal Warrior","e47c4b4a-bf36-465f-9f2f-3496da8adb02","SkillInfo"
"SHD_3_P1_Thirst II","5f619ae2-0b07-4456-9d6b-b1009bd3ce8e","SkillInfo"
"SHD_3_P2_Reaper's Toll","5b542276-1cc4-40a1-a2ea-8ff12ea2c9b4","SkillInfo"
"SHD_3_P3_Hunger","8f250087-a399-4709-ad42-83435bb3f7fa","SkillInfo"
"SHD_4_A1_Soul Link","455db553-430b-47c6-8f6f-a5576c034b0a","SkillInfo"
"SHD_4_A2_Exorcism","2d3162db-e96a-402b-9bd2-5083b6c9d753","SkillInfo"
"SHD_4_A4_Vampiric Aura","d6cddb50-656d-4e68-8833-f0213ed76fe3","SkillInfo"
"SHD_4_P1_Leech Intelligence","f6c12f10-f0c1-473f-877a-b36839ff77a6","SkillInfo"
"SHD_4_P2_Leech Might","63c2d3db-a0bb-41e1-98cd-c840f3bbb764","SkillInfo"
"SHD_4_P3_Leech Dexterity","b241ac3a-bc8b-4b21-8ccc-218d23e620ea","SkillInfo"
"SHD_5_A1_Soul Exchange","6a064097-7504-477f-8675-6adbba0860bc","SkillInfo"
"SHD_5_A2_Reaper's Scythe","78f453be-ea88-466e-bc8e-da45f4f491fc","SkillInfo"
"SHD_5_A4_Raise Skeletal Mage","98efcfca-62ba-45a6-a46b-085e6711df4a","SkillInfo"
"SHD_5_P1_Immortal Night","39380e38-ea1c-4916-8d0f-b8836076a6fd","SkillInfo"
"SHD_5_P2_Child of the Abyss","5404aae7-0e99-4ab4-9468-1ab5c2a379ae","SkillInfo"
"SHD_5_P3_Lich Lord","dba5dacc-f29a-4f8c-a39b-8e1024b8c003","SkillInfo"
"ShieldArmor","faf590c7-93d6-4b2f-b9d4-eae779a90e58","CharacterAttribute"
"ShieldArmorMod","2c045f63-342a-4650-81d2-1898fa071a2f","CharacterAttribute"
"ShieldMagicArmor","735ddbef-ded1-4d2a-b5a0-7d93aa27a23a","CharacterAttribute"
"ShieldMagicArmorMod","fcffa772-7ddb-4a5e-8846-35e7ca93769a","CharacterAttribute"
"ShieldMastery","826c900e-634f-4b87-8663-8a18a4e99b25","CharacterAttribute"
"ShieldOfLight","126348d5-9be8-42cd-b3c7-82a6fb67600d","CharacterAttribute"
"ShieldOfLightValue","291c9b4f-d729-45c2-a240-bad7ee38aedc","CharacterVariableAttribute"
"ShieldOfRetribution","e6c61679-98d9-44a7-926c-77bf74de5a94","CharacterAttribute"
"ShieldOfRetributionStartValue","2634f6e2-dd91-42ad-a46d-3b073b1b89c0","CharacterVariableAttribute"
"ShieldOfRetributionValue","66806305-e988-4013-a039-0585f6bbc4b9","CharacterVariableAttribute"
"ShieldOfTheRighteous","320ff41d-0915-47b6-bdb1-774dde34ce55","CharacterVariableAttribute"
"ShrineEffectBonus","9d659d4c-30db-476f-9b74-2849649a610a","CharacterAttribute"
"Silenced","cac4cd01-403c-48b3-847b-49b039cf002f","CharacterAttribute"
"SkillPoints","85ef5be7-28db-487e-bca9-7d32482c00d5","CharacterAttribute"
"SoftStep","c3b89e7a-5ad7-4587-90bb-ae3674c7ce60","CharacterAttribute"
"SoulLink","4ed68518-9a9a-4b02-bebf-5418d18b4f83","CharacterAttribute"
"SoulOfFire","c2c0ae91-4b2d-4921-bba4-6039294fada8","CharacterAttribute"
"Spectator","039c2573-6e1e-4210-9f79-57608c1fa4f9","CharacterAttribute"
"Spectral Mark","0b4dd25f-ecf0-4c3c-aa9d-2805b32b6ba0","SkillInfo"
"StartAPMod","69853c9e-f027-4a87-9061-5558aeeeceb2","CharacterAttribute"
"StartBattleFreeMovementPoints","81f0e155-6097-499d-a920-ab8fd19c354c","CharacterAttribute"
"StatusResistBeneficial","720caf77-8d75-40d8-9329-c5a3d8a032e0","CharacterAttribute"
"StatusResistHarmful","51931ce9-87e1-466b-b654-4d48bfff5d27","CharacterAttribute"
"StatusResistImpairment","86148910-87e4-457d-bfc6-dcca72db1571","CharacterAttribute"
"StrengthOfYmirDamageReduction","da90999b-bfdb-4e6a-ae2b-16ca45d74674","CharacterAttribute"
"Summon Ice Golem","b47ad88f-65bc-4ebd-8408-ef0244197389","SkillInfo"
"Summon Molten Golem","ad451f75-9722-4caf-b096-083cbdff63fb","SkillInfo"
"Summon Thunder Golem","d8698200-dfbe-43a8-8de5-1b3a0ca9e524","SkillInfo"
"Summon Wild Boar","9f01cfb9-b0f0-4754-9cb3-b7f06a2a9120","SkillInfo"
"SummonCritDamage","a5eb3812-b003-4058-bab5-ff85a42ef136","CharacterAttribute"
"SummonCritRating","c598a19b-5438-48ef-91f8-e7b76fddd7d6","CharacterAttribute"
"SummonDamageFromMight","31c7fd87-ce93-4951-9f8c-b180eab507fc","CharacterAttribute"
"SummonDamageMod","d4524abc-fd46-4844-bf57-b14d4eed4e3b","CharacterAttribute"
"SummonDodgeRating","d0923b0a-9885-415e-82e3-f734415e7f9a","CharacterAttribute"
"SummonHealthFlatFromInt","2fc1c4d9-b4a7-4d9a-bf81-5b89b4de4d37","CharacterAttribute"
"SummonHealthFromInt","c81959a8-f23b-4e01-9159-1ed90b150d8e","CharacterAttribute"
"SummonHealthMod","962cf60b-2d93-4388-b499-e4df27dbb5b3","CharacterAttribute"
"SummonLevelBonus","c563a087-8d78-4d48-87be-9842a4d3ce85","CharacterAttribute"
"SummonLimitBonus","e9734985-b4f1-404f-b763-eb573ef52dd6","CharacterAttribute"
"TakeCover","a3bd4259-8967-4179-bc79-afa05769f3c2","CharacterAttribute"
"Taunted","74578dd8-5da2-419f-972c-862ae9a665e4","CharacterAttribute"
"TauntedID","d97ba1ae-f17d-4b2e-9058-f436864dda61","CharacterAttribute"
"TeamIndexOverride","3abd5b9e-3808-4c01-bab4-8ed4f896c64d","CharacterAttribute"
"Test Skill - Summon From Status","7e42f790-a725-4368-b5af-2e1710475515","SkillInfo"
"THF_1_A1_Poison Weapon","f2f2e0f5-7d80-4c54-8df0-f7a021a39978","SkillInfo"
"THF_1_A3_Cripple","1d00df50-a197-462e-9595-040d6448815e","SkillInfo"
"THF_1_A4_Dagger Throw","e79eec19-5056-4556-80ba-264da9e47c4b","SkillInfo"
"THF_1_P1_Death Dealer I","7f9b4fbe-9799-40e1-a040-89f23a78d223","SkillInfo"
"THF_1_P2_Swiftness","40786dd5-f36e-4d22-bd4a-aaf6913f94d2","SkillInfo"
"THF_1_P3_Ambush I","0fb33435-02b7-411d-90c4-e073308bf0b5","SkillInfo"
"THF_1_P4_Fencer's Finesse I","ca8860d5-05f1-4e9b-af60-6d9ccbcf3668","SkillInfo"
"THF_2_A1_Evasion","59f77476-7898-4918-832a-fb53e6e767be","SkillInfo"
"THF_2_A2_Gouge","46e49ab7-ae0b-4a55-a31a-89f3ccaf3069","SkillInfo"
"THF_2_A3_Maim","62d2aaeb-d0f8-4562-8fc1-d9caa5576b4c","SkillInfo"
"THF_2_A4_Deadly Dagger","f117b232-1ceb-45ab-a95b-dbb2c60c6ee1","SkillInfo"
"THF_2_A5_Poisoned Dagger","81348308-838f-4ce5-a67c-d68c1426bfb1","SkillInfo"
"THF_2_P1_Death Dealer II","6fb73337-4712-4c98-afd3-5b9e6c47bb54","SkillInfo"
"THF_2_P2_Shroud","44ee443d-808b-4342-89aa-78f00b1ba5fb","SkillInfo"
"THF_2_P3_Ambush II","45cb6d85-689c-4415-97f6-12e7d9882e35","SkillInfo"
"THF_2_P4_Fencer's Finesse II","b86e6206-9318-41e4-9031-25032fe25acc","SkillInfo"
"THF_3_A1_Enduring Evasion","d9cf47d7-8fdf-48d2-99d7-19e48518c9e0","SkillInfo"
"THF_3_A2_Uncanny Evasion","fbfc4b3e-884a-4708-bd55-37d703726316","SkillInfo"
"THF_3_A3_Steal Status","4c624ea4-67c6-432b-9c06-f9b4726b45e8","SkillInfo"
"THF_3_A4_Garrote","50c2abc3-aeef-4277-b034-ec3c37a9e932","SkillInfo"
"THF_3_A5_Steal Action","59f3b228-8016-43fd-a9e2-e34f19339fe6","SkillInfo"
"THF_3_P1_Hidden Blade","680f1728-7582-4aff-89d0-e19b56a5f973","SkillInfo"
"THF_3_P2_En Garde","0119aa5f-3e0c-4730-bdd6-80b40b89e914","SkillInfo"
"THF_3_P3_Fight Dirty","3954ff4b-0a05-4c10-a5d8-e39650662535","SkillInfo"
"THF_3_P4_Fade","5222580b-488c-4458-b20c-d25eacc38489","SkillInfo"
"THF_4_A1_Smoke Bomb","bcf62817-74e0-4254-a90b-6a62bf991199","SkillInfo"
"THF_4_A2_Shadow Walk","3a241124-a6eb-4ced-a635-cb5d8792c8db","SkillInfo"
"THF_4_A4_Rupture","60320877-3c07-4f50-94e1-6bebb13a6f5c","SkillInfo"
"THF_4_P1_Master Assassin","995f8fce-5483-40ce-9b06-e04066e5a3ea","SkillInfo"
"THF_4_P2_Contaminated Wound","2577c321-48a4-47c3-8fc9-a6716523e670","SkillInfo"
"THF_4_P3_Calculated Risk","24555c5e-d863-48dc-ac71-28878e514777","SkillInfo"
"THF_5_A1_Deathblow","3ca348f8-eb92-49d1-911a-b8bf55f025e0","SkillInfo"
"THF_5_A2_Sleight of Hand","c3a9ab8e-b920-4bde-a541-3ca08161264a","SkillInfo"
"THF_5_P1_Soft Step","17db71c5-fd9a-45d2-827f-05b7e3f22f90","SkillInfo"
"THF_5_P2_Tricks of the Trade","1370efe2-5b3f-4d68-b696-82f6e70a7418","SkillInfo"
"TierSpellPower","8eac5db0-395f-4163-a5c9-76492eed404e","CharacterAttribute"
"Transcendence","82855001-25f5-4677-8127-6d2d63cd12f0","SkillInfo"
"Trophy Hunter","096b4032-a4f9-4e6e-92d9-3ac7ec8e9a33","SkillInfo"
"TroubleMind","cff695d1-8f32-4dbe-b6ea-f39cfb83ccd2","CharacterAttribute"
"TurnAPMod","0db7eff3-52b6-4dc4-bec9-0c812fdd7c72","CharacterVariableAttribute"
"TurnCastTrackerAll","ae8c7ae6-1397-4f02-995f-6de46c543805","CharacterVariableAttribute"
"TurnCastTrackerBasic","b06ec6a0-5b72-40b7-b09c-304cdee91edd","CharacterVariableAttribute"
"TurnCastTrackerChaos","72d3858e-0ad6-47ab-9eab-c6fd3b4141d5","CharacterVariableAttribute"
"TurnCastTrackerCold","4e3d9740-1969-441f-8037-34925383b4e6","CharacterVariableAttribute"
"TurnCastTrackerDefense","0ab65d3e-6f32-4a82-b01a-40a5cba57dff","CharacterVariableAttribute"
"TurnCastTrackerFire","ffcb72fb-692c-4f43-89a5-9fa21bae1639","CharacterVariableAttribute"
"TurnCastTrackerInnate","c8c0bed5-e848-4727-909f-1fa42347a458","CharacterVariableAttribute"
"TurnCastTrackerLight","0e47f0b6-d2e7-4908-a4a6-9f1cdf1dba34","CharacterVariableAttribute"
"TurnCastTrackerLightning","18bd8c1f-b42f-4fc4-87a7-77756ac9b892","CharacterVariableAttribute"
"TurnCastTrackerMonk","b26b4c11-06d2-43f3-9165-b6f86bb15a81","CharacterVariableAttribute"
"TurnCastTrackerNature","a2020c5d-9811-45c4-81bc-857d5911b603","CharacterVariableAttribute"
"TurnCastTrackerRanger","5eaef3dc-8c85-4470-9158-7c908af64b8f","CharacterVariableAttribute"
"TurnCastTrackerShadow","0881ac87-1b4b-41ba-9ef5-bacda92a15b9","CharacterVariableAttribute"
"TurnCastTrackerThief","bbde7ed4-161f-4701-b3b0-b59d7f8252d7","CharacterVariableAttribute"
"TurnCastTrackerWarrior","c1817506-1d57-42ef-8334-1ec6105e1e5c","CharacterVariableAttribute"
"TurnDamage","1877d02e-d911-4640-b5bd-2a739ad1cc04","CharacterVariableAttribute"
"TurnFreeMovementPoints","83764ac3-c045-4682-b18b-8a57694ce74b","CharacterAttribute"
"TurnsDamageFree","ae2633c5-0c20-46da-ae12-314fda1ebd2d","CharacterVariableAttribute"
"UntargetableByAll","d6174ef6-3040-48ac-a329-99da9cc02482","CharacterAttribute"
"UntargetableByAllies","b44639dc-9933-41a7-98ed-fe8169381581","CharacterAttribute"
"UntargetableByEnemies","eef16b26-7d63-445c-8d50-d543da8cdd21","CharacterAttribute"
"UntargetableBySelf","d04829a5-f1bf-47fe-b53f-37969c5f30fc","CharacterAttribute"
"Untouchable","8fa2f8e8-ec82-412c-b327-0a95347dfd6d","CharacterAttribute"
"UnyieldingContender","d124b814-1bb2-43b3-9184-2f5f56bfa460","CharacterAttribute"
"UnyieldingContenderID","00e9d648-b1ae-42ff-a489-2dd5d1bf18a0","CharacterAttribute"
"Vampire Lord","bfcd48d9-f532-4d91-9fa5-a7fecb6a2ee0","SkillInfo"
"Venom Bolt","f5ee9ad7-0ae5-4e57-83f6-b9ea7974e10a","SkillInfo"
"Vitality","6abff77d-d2e5-43e6-9923-9a636140b143","CharacterAttribute"
"VitalityBase","8df0518e-40fa-4e46-836a-a19b95968a18","CharacterAttribute"
"WAR_1_A1_Rage","79881504-d87f-4399-abc4-5f2869c1edda","SkillInfo"
"WAR_1_A2_Double Edge","91a3087b-b0c6-4766-80a6-668efaa2e844","SkillInfo"
"WAR_1_A3_Fracture","92a38634-4cbd-4d73-a673-99fd64d4d618","SkillInfo"
"WAR_1_A4_Bash","c3f229d9-174a-4988-ab36-67001bbecc28","SkillInfo"
"WAR_1_P1_Wanderer","76429216-af1f-4f49-b05d-a80567a7958f","SkillInfo"
"WAR_1_P2_Warmonger I","a151ffba-bc8a-4e8c-95c2-a209e2e3ac98","SkillInfo"
"WAR_1_P3_Guardian I","3c530dca-b065-4cf5-a20c-a407bf15665a","SkillInfo"
"WAR_1_P4_Challenger","9429fa9e-9992-426e-8a89-74864b000064","SkillInfo"
"WAR_2_A1_Berserker's Rage","daf77151-9d46-49ca-9438-8abaaebb392e","SkillInfo"
"WAR_2_A2_Tempered Rage","426609c7-7b07-44e2-8240-8d4a0a71cb23","SkillInfo"
"WAR_2_A3_Bloodlet","7076c2cd-d3e5-483d-8164-8984dc5fb701","SkillInfo"
"WAR_2_A4_Cleave","5a0220e8-a376-4f5c-ac72-613a061ef347","SkillInfo"
"WAR_2_A5_Threatening Fracture","123229e9-9c60-4676-aee6-70df4ea0a897","SkillInfo"
"WAR_2_A6_Mortal Fracture","b7be71d3-c0a5-4aec-9075-1ef679f9eb6e","SkillInfo"
"WAR_2_A7_Charge","935b1f2d-5f45-49ca-87c4-479676965ba0","SkillInfo"
"WAR_2_P1_Opportunist","bf1bdce3-e52a-47e7-b44a-ffc1ea102ae7","SkillInfo"
"WAR_2_P2_Warmonger II","7f5cbda1-f1fd-4f71-9347-e00ffbf5e96b","SkillInfo"
"WAR_2_P3_Guardian II","ee39daa7-a24e-4654-95b6-9a445f67fce3","SkillInfo"
"WAR_2_P4_Into the Fray","ee127ace-ef16-4095-94f6-858bf096dd6c","SkillInfo"
"WAR_3_A2_Warrior's Boon","33b081df-7aee-4f3f-ad9d-32530985008c","SkillInfo"
"WAR_3_A3_Slam","141f4d12-1b62-499a-af38-9e22128fcb8f","SkillInfo"
"WAR_3_A4_Life Cleave","7a5e0dae-95db-4145-90b1-4ebe85d1d12e","SkillInfo"
"WAR_3_A5_Bleeding Cleave","03628d3c-9d0b-4804-8f75-79cce1222ca0","SkillInfo"
"WAR_3_P1_Battle Ready","7b710cc6-2b07-41a7-9096-bde41e3c5dee","SkillInfo"
"WAR_3_P2_Shield Mastery","68fa8925-3149-48ed-8445-373c316ea5b8","SkillInfo"
"WAR_3_P3_Two-Handed Mastery","8a406c9f-4f2e-4e75-b43f-92177446a47a","SkillInfo"
"WAR_3_P4_Dual Wield Mastery","ce52db13-1b5b-4e54-a5c5-4983a3a377b8","SkillInfo"
"WAR_3_P5_Berserker's Blood","8f751cb7-2e2a-46c2-a02b-1d9d319203a2","SkillInfo"
"WAR_4_A1_Vitality Break","374fa2df-76b9-4e8a-b08b-63905b404c71","SkillInfo"
"WAR_4_A3_Crushing Slam","9d93b0f9-89ec-4a92-a35e-42347d72c570","SkillInfo"
"WAR_4_A4_Stunning Slam","d288312b-c7c2-4c44-836c-c77aaa0d33f3","SkillInfo"
"WAR_4_P1_Bone Collector","c9d81dd2-97e9-48e3-b15d-ced7ac32c16c","SkillInfo"
"WAR_4_P2_Blood Drinker","336ba30d-cb5f-458a-b50a-e4fabf19612a","SkillInfo"
"WAR_4_P3_Executioner","7c3bb977-be87-43f3-8257-a2c8f6059852","SkillInfo"
"WAR_5_A1_Sunder","ef35149c-3095-4e36-8a82-98877f69a627","SkillInfo"
"WAR_5_A2_Unyielding Contender","72591595-7e6d-4694-8067-de1e99ea9b84","SkillInfo"
"WAR_5_P1_Colossus","dbcf1df9-23ee-45d7-8dfd-ba057373dad9","SkillInfo"
"WAR_5_P2_Indestructible","0f48639a-357b-4f90-88aa-92443f986817","SkillInfo"
"WeaponCostMod","64fdc694-8ef5-4863-90fd-f944cb2db308","CharacterAttribute"
"WeaponDamageMod","b794d08d-6eb0-454e-b363-d2e8113530da","CharacterAttribute"
"Werewolf Blood Howl","db0bd7ac-9b20-435a-88f3-d91199eb16eb","SkillInfo"
"Werewolf Blood Howl Greater","1e969896-820d-4da8-acb4-4ed77f287908","SkillInfo"
"Werewolf_Cursed Bite","715faabf-3550-47ff-8fdc-33b3954913e8","SkillInfo"
"Werewolf_Greater Cursed Bite","926fd895-82e9-43f1-ad6e-716f6d4abebd","SkillInfo"
"[Apocalypse] Mass Burning Ground","4c92b7be-aebf-4ea8-93a1-f44a7eb31964","SkillInfo"
"[Avenging Light] Cure","8d1859c3-fc41-45e1-8a2d-9f083b436f01","SkillInfo"
"[Avenging Light] Divine Intervention","6ca31377-b872-4781-8d9c-976a95d250e6","SkillInfo"
"[Avenging Light] Healing Hand","2bc13cdd-81db-4c5a-a715-ac68877895e5","SkillInfo"
"[Avenging Light] Holy Ground","a1661c3a-cb6c-4fbf-b89b-dd2c772fd21c","SkillInfo"
"[Avenging Light] Mass Cure","6f18bbc8-8169-488e-bd4b-65deb08978e8","SkillInfo"
"[Avenging Light] Regenerate","d8dd7a13-7a38-4deb-9911-b9f35ed957ad","SkillInfo"
"[Avenging Light] Seal of Salvation","1898b514-d4d8-4edb-9811-35f453f8b610","SkillInfo"
"[Azug Spikefist] Might of the Iceclaw","e6f2002f-2d19-40e3-a526-597c0a65698a","SkillInfo"
"[Azug Spikefist] Summon Iceclaw","33d5686c-be59-49b8-8135-d519f53b67ac","SkillInfo"
"[Bandit Boss] Summon Bandits","7fc34da6-cb9b-4dc9-ba72-b775225961e0","SkillInfo"
"[Bandit Boss] Summon Blood Masks","d9773100-78c5-4570-b7fc-1b08c3ba8f91","SkillInfo"
"[Baron] Vengeful Shadows","1b04c328-a123-45e9-b7a7-938fe670e441","SkillInfo"
"[Bishop] Mass Blinding Light","ec39cc7c-5e2f-4955-bd45-1823b613caff","SkillInfo"
"[Black Dragon] Abyssal Scream","509254c2-4aa3-4437-9b2d-bae2ec84b944","SkillInfo"
"[Black Dragon] Dark Clones","a0a540d5-781c-44ae-ad24-bc1cb0de82cd","SkillInfo"
"[Black Dragon] Mass Haunt","5e392eef-46b5-4cba-8bbc-b43769e0c1cb","SkillInfo"
"[Black Dragon] Mass Reaper's Scythe","5009677c-ba42-4d96-8ba4-f05d30cbce9f","SkillInfo"
"[Black Dragon] Shadow Slash","3500f977-6651-4c1a-9552-5b863d273332","SkillInfo"
"[Black Knight ] Mass Blind","2b11c9cf-d4e9-4885-8f82-0fa0ebee5ad6","SkillInfo"
"[Blackbeard] Blackbeard's Curse Apply","39ad4a1e-51a7-4ac2-9340-4ae9eb9f0236","SkillInfo"
"[Blackbeard] Cannon Bombardment","784f8140-7fae-45d1-a4b3-d5e8231023e2","SkillInfo"
"[Blue Dragon] Frozen Mines","834d1735-5cdf-4321-90ce-005d0cb83ac1","SkillInfo"
"[Blue Dragon] Spawn Eggs","6356532e-bf23-4a3c-be9e-e11765cb007a","SkillInfo"
"[Blue Dragon] Summon Ice Court","1e80dbc9-f85c-4e30-bb4a-5cb49ac6ae29","SkillInfo"
"[Broker] Hellfire Blast","da7e3128-1242-4c47-bb91-c9e6e3aeeaea","SkillInfo"
"[Broker] Soul Exchange One Fourth","0b973b0b-2055-4ff0-bb21-98abae60c8ad","SkillInfo"
"[Broker] Soul Exchange One Half","ac721103-99a6-4dad-8253-c8a764bc216a","SkillInfo"
"[Broker] Soul Exchange Three Fourths","b08ca498-5ea5-43b6-bb88-06e6cd8d480b","SkillInfo"
"[Butcher]_Horrify","540420c1-3692-4906-958e-dbe81ca44fcc","SkillInfo"
"[Counsil Bullaj] Blood Sacrifice","13a05e7a-64c2-4d63-b8ed-f382696b2091","SkillInfo"
"[Counsil Jahsun] Summon Jungle Imps","dd9922e7-931c-437f-97e7-cbd207b84b7d","SkillInfo"
"[Countess] Blood Boil","5ed04c42-dd89-4a2c-8794-d2e14606cceb","SkillInfo"
"[Countess] Blood Bolt","a964ea15-9cac-4f28-b9fe-4a87dbc7872a","SkillInfo"
"[Countess] Mass Blood Boil","96a1ca8f-ec4f-4832-9482-474a7eec6494","SkillInfo"
"[Cursed Mimic] Shadow Bite","0ecb1eeb-8575-4866-bb86-059f048899a7","SkillInfo"
"[Dead One] Summon Undead","58d84d6c-791e-4630-a93f-66af77c4dd45","SkillInfo"
"[Dragon Claw Talisman] Summon Red Dragon Whelp","cd8e256f-9c31-4e9a-8850-f02d145e9467","SkillInfo"
"[Dusk King] Brain Freeze","cd5f3ada-eb44-4ffb-b810-25456699d7c4","SkillInfo"
"[Dusk King] Raise Frozen Dead","1a0db170-b2e5-4261-b715-c547121015f6","SkillInfo"
"[Efreet] Summon Fodder 2","ac3df8cd-8dd3-400b-98ac-d7d2a217e6d7","SkillInfo"
"[Efreet] Summon Fodder 3","052c37ce-5e72-4bd9-b5b1-870bb279dd9a","SkillInfo"
"[Efreet] Summon Fodder 4","0ad98d4f-52c1-4e0a-a435-ff8ca15d97fd","SkillInfo"
"[Efreet] Teleport","7f051b5f-8f25-4f3f-8c99-66d597e2f101","SkillInfo"
"[Fenrir] Pack Summoning II","3b79ad08-354a-414b-83d3-a8f1015e4641","SkillInfo"
"[Fenrir] Pack Summoning III","27e71097-6f25-4fda-8041-9f40b01081ac","SkillInfo"
"[Forest Giant] Earth Shatter","fa28139a-7f90-49dd-ac62-1e2c4bfbcc43","SkillInfo"
"[Forest Giant] Rock Breaker","d8808da5-8aa0-4c68-afa8-1f4a7a6f5c64","SkillInfo"
"[Forgemaster] Smelt","bc903991-683e-4910-b770-8f74d0218545","SkillInfo"
"[Forgemaster]_Mass Smelt","9d030fe1-6d18-4906-99ad-eed853c13822","SkillInfo"
"[Gobfather] Call Reinforcements","f4b50bfb-4b1d-41ab-ad73-84cabb089a99","SkillInfo"
"[Grandmaster] Falcon Kick","c136b139-80d6-4edd-8b31-b1d78e533973","SkillInfo"
"[Grandmaster] Hurricane Kick","eafec854-a190-428d-b66f-31dd6bec0134","SkillInfo"
"[Grandmaster] Summon Shadows","9f17fe5d-4803-4ed8-990f-f93619c7b9c8","SkillInfo"
"[Green Dragon] Summon Drakes","8008804b-c3f3-4ee3-8ffd-15992dfde1c7","SkillInfo"
"[Herald] Dark Clones","a7cf478d-d5b5-44d1-8f5e-131d26dca37f","SkillInfo"
"[Houndmaster] Summon Hounds","6c8147e4-4959-463a-8afc-dee6d3e40683","SkillInfo"
"[Infernicus] Soul Fire","028e8cf6-0b31-41b6-a6d7-0ae10afb4515","SkillInfo"
"[Ironheart] Call Reinforcements Light and Flame","6acad498-4d0c-4416-b294-224f5c425509","SkillInfo"
"[Ironheart] Call Reinforcements Sword and Shield","4292e95b-b288-445b-a5fb-aa6cd5447fe9","SkillInfo"
"[Jester] Smash","e63c8564-49f6-45e6-8599-400179367ef7","SkillInfo"
"[Jester] Summon Jack in the Box","7cdb1583-6f27-4d85-9492-f252a956ad81","SkillInfo"
"[Lady] Mass Curse of Death","9f416259-51a1-477d-b15b-9ab1930a3c3b","SkillInfo"
"[Lady] Sludge","5854fb53-1520-4f87-8195-65e26c662f0c","SkillInfo"
"[Lady] Sludge Bolt","758c9a45-b56a-44fb-a771-6590fc1ac5de","SkillInfo"
"[Medusa] Crumble","4bb53b7a-8120-4173-8377-2816c0bc3077","SkillInfo"
"[Medusa] Stone Bolt","8e795a02-c534-461e-8bb1-757b5cdeb118","SkillInfo"
"[Medusa] Stoney Visage","c8be9f16-5270-445b-886b-52296cf5fe54","SkillInfo"
"[Medusa] Summon Stone Guardians","03fc9431-c71c-4742-b5bb-1385be0b7308","SkillInfo"
"[Mirror Shard] Mirror Image","993d75b1-128b-4015-8fa3-c311b7f83a9b","SkillInfo"
"[Nagomahu] Fire Gore","be397ed9-f61f-4e07-8808-0dfc53a031ad","SkillInfo"
"[Nagomahu] Summon Shards of Hate","3efce4af-d396-4fd5-a961-2599d86e3466","SkillInfo"
"[Necronomicon] Death Bolt","fb79fbe7-13e5-425f-a038-ad5eb01759a5","SkillInfo"
"[Necronomicon] Raise Undead Berserker","dc5f1d13-8b5c-4d69-869b-7bebd2988ff6","SkillInfo"
"[Necronomicon] Raise Undead Ranger","f33f244b-ce05-47c7-8b6b-e0ca15fad5ff","SkillInfo"
"[Necronomicon] Raise Undead Wizard","22c0bbad-8888-499a-8057-73feea467c3e","SkillInfo"
"[Olgoi] Summon Worms","39edbf54-3e6a-4e42-bf93-956aa84a4cea","SkillInfo"
"[PaleGoblin] Summon Worgs","e36f9eff-56fa-4745-b333-a26577bb226c","SkillInfo"
"[Prospector] Cave-in","277e665e-0274-4ed0-906f-80e96c6853a6","SkillInfo"
"[Ragnar] Blessing of the Mountain","93560176-51cd-45d5-8129-6c187d701a4e","SkillInfo"
"[Ragnar] Call Reinforcements Healer","f935b468-a088-4fb8-b9af-ee68cc0d1380","SkillInfo"
"[Ragnar] Call Reinforcements Soldier","82b6e014-b88a-4c6b-bd63-3808f63db8cb","SkillInfo"
"[Ragnar] Call Reinforcements Warrior","b29cfcb3-590e-4242-a96d-a26dce60b04d","SkillInfo"
"[Red Dragon] Apocalypse","834184f5-de03-4fa2-b81e-bb1214f6b323","SkillInfo"
"[RisenWitch] Summon Blood Cauldrons","f2f7b990-cde9-4d73-9d88-f9c234daaba7","SkillInfo"
"[RisenWitch] Unsummon Cauldrons","6f4cf852-115c-40d7-aa0a-48e032040094","SkillInfo"
"[Ronin] Summon Reinforcements","e76ceeb4-ac70-4a2f-a77e-3bd3b7022835","SkillInfo"
"[Samara] Mirror Image","a885172f-4a0c-47ae-978b-69bcdb5eb764","SkillInfo"
"[Scarecrow] Summon Crows","2648a71f-1086-4dae-8fd6-9c0b32742f8d","SkillInfo"
"[Scroll of Monster Summoning] Summon Monster","d8b7924a-f872-4595-9c67-a8c8dd567918","SkillInfo"
"[Sun Queen] Summon Radiant Orb","0790e8c4-4916-4e3b-be3d-9051a70f961d","SkillInfo"
"[Tlaloc the Storm] Chain Lightning","eb59a98e-0811-40fd-ad20-482c66ea821a","SkillInfo"
"[Tlaloc the Storm] Mass Teleport","f9493e96-0c1b-4acb-ae43-aaf14a851d7a","SkillInfo"
"[Tome of Tadashi] Tadashi's Armor","541c78ca-b718-457b-bccf-efbd0d07372d","SkillInfo"
"[Tome of Tadashi] Tadashi's Escape","6cffd6ac-5c79-4053-b009-78e7b8cd1b97","SkillInfo"
"[Tome of Tadashi] Tadashi's Ritual","1fae4aa9-d90e-48df-af51-4e1722e188e5","SkillInfo"
"[Unholy Sacrifice] Unholy Sacrifice","e6acb799-5504-404a-aa06-4ec7b41b495a","SkillInfo"
"[Ursa] Fire Cleave","c0382a90-ca4f-4f37-b628-ed56ea985c77","SkillInfo"
"[Ursa] Flame Howl","0bdf60c7-e1c8-4b93-a800-2870b24ea357","SkillInfo"
"[Ursa] Frost Cleave","552de088-3ede-40e9-b772-93a35a06f28e","SkillInfo"
"[Ursa] Ice Howl","a2cc9b96-0e21-41e5-8717-0532f7b4a761","SkillInfo"
"[Ursa] Thunder Cleave","ac58a0fb-7cd7-4299-b049-f7c07a39d0a5","SkillInfo"
"[Witch] Summon Heart Fetishes","c1f7de9e-d451-4402-bfde-33d9f114c0b9","SkillInfo"
"[Witch] Summon Poison Cauldrons","5f3687ea-ab19-4ad0-b14f-102f6d96455f","SkillInfo"
"[Xotec] Summon Tribe","cff20720-8dc2-4b31-81ce-26af6ce436d1","SkillInfo"
